X,Y,OBJECTID,CNES,NOME,CAP,EQUIPES,ENDERECO,BAIRRO,TELEFONE,EMAIL,HORARIO_SEMANA,HORARIO_SABADO,TIPO_ABC,TIPO_UNIDADE,DATA_INAUGURACAO,Flg_Ativo,CNES_,GlobalID
-4816636.2158,-2615672.4662,691,3784975,SMS CF ZILDA ARNS - AP 31,31,29 - COMPLEXO DO ALEMAO,"ESTRADA ITARARE, 951",COMPLEXO DO ALEMAO,(21)2290-5089,cfzildaarns@vivario.org.br,7 às 18h,8 às 12h,A,CLINICA DA FAMILIA,2010/04/06 03:00:00+00,,3784975,9c6bf7ca-d980-40ca-ab69-005d3efd87ae
-4808179.3351,-2625970.6278,692,6272053,SMS CF SANTA MARTA - AP 21,21,4 - BOTAFOGO,"RUA SAO CLEMENTE, 312",BOTAFOGO,22862374,sfsantamarta@vivario.org.br,8 às 17h,-,A,CLINICA DA FAMILIA,2009/02/03 02:00:00+00,,6272053,ba99dd75-e3b4-4e89-b729-0081372ba64f
-4820440.1672,-2620262.2143,693,5346320,SMS CAPS CLARICE LISPECTOR - AP 32,32,13 - MEIER,"RUA DOIS DE FEVEREIRO, 785",ENCANTADO,31117490,smdcscapsclaricelispector@gmail.com,8 às 17h,-,-,CAPS,2005/05/23 03:00:00+00,,5346320,9af57d52-d689-4797-ac9b-01484a52f9b6
-4861192.4763,-2618126.9348,694,2273551,SMS CMS ALOYSIO AMANCIO DA SILVA - AP 53,53,19 - SANTA CRUZ,"ESTRADA DO CURTUME, S/N",SANTA CRUZ,(21)33054894,cmsaas.cap53@gmail.com,7 às 18h,7 às 12h,B,CMS,1988/06/04 03:00:00+00,,2273551,905b0f5f-d3b3-4eaa-96e7-019eb25e689f
-4807858.731,-2620930.1859,695,2280183,SMS RIO HOSPITAL MUNICIPAL SOUZA AGUIAR,10,2 - CENTRO,"PRACA DA REPUBLICA, 111",CENTRO, , ,24h,24h,-,HOSPITAL,1907/11/07 02:00:00+00,,2280183,be4e343d-9f3f-4a47-97ba-036dcdaed294
-4848912.3829,-2622181.7651,696,2708388,SMS CAPS PEDRO PELLEGRINO - AP 52,52,18 - CAMPO GRANDE,"PRACA MAJOR VIEIRA DE MELO, 10",CAMPO GRANDE,(21)33942583,capppellegrino@rio.rj.gov.br,8 às 17h,-,-,CAPS,1997/01/13 02:00:00+00,,2708388,785e1e7a-ca63-4d9a-be9d-03eef68d2488
-4846268.1826,-2619819.658,697,7723296,SMS CF EVERTON DE SOUZA SANTOS - AP 52,52,18 - CAMPO GRANDE,"ESTRADA DE MORICABA, S/N",SENADOR VASCONCELOS,(21) 3364-7596,ger.ess.cap52@iabas.org.br,7 às 18h,8 às 12h,A,CLINICA DA FAMILIA,2015/05/23 03:00:00+00,,7723296,c1f94fd3-8a88-4f04-8548-0463063fe658
-4841114.323,-2619226.4024,698,6864708,SMS CF MARIO DIAS ALENCAR - AP 51,51,17 - BANGU,"RUA MUCURIPE, S/N",BANGU,3424-8997,cfmariodalencar@gmail.com,7 às 18h,8 às 12h,A,CLINICA DA FAMILIA,2012/01/13 02:00:00+00,,6864708,05a267f7-4c71-4324-be84-05c806ab967d
-4821218.4014,-2618941.4428,699,2269481,SMS HOSPITAL MUNICIPAL DA PIEDADE - AP 32,32,13 - MEIER,"RUA DA CAPELA, 96",PIEDADE,(21)31116540,hmpiedade@rio.rj.gov.br,24h,24h,-,HOSPITAL,1977/11/17 02:00:00+00,,2269481,9a546e20-17fd-4307-bc70-07411b972e42
-4819407.3857,-2618482.2608,700,2269503,SMS CMS EDUARDO A VILHENA - AP 32,32,13 - MEIER,"RUA JOSE DOS REIS, 951",PILARES,(21) 3111-6693,esfeavleite@gmail.com,7 às 18h,8 às 12h,C,CMS,1987/11/28 02:00:00+00,,2269503,c5a99d02-cb6a-4fb2-ac67-0755e8fa74f0
-4838862.8868,-2616884.3773,701,2270420,SMS CMS WALDYR FRANCO - AP 51,51,17 - BANGU,"PRACA CECILIA PEDRO, 60",BANGU,(21)3332-9322,ger.waldirfranco.cap51@iabas.org.br,7 às 17h,8 às 12h,C,CMS,1960/06/26 03:00:00+00,,2270420,61a1b625-a5eb-4ff9-aa0b-07c5355bef99
-4807897.5709,-2620997.1234,702,6694187,SMS PADI SOUZA AGUIAR,10,2 - CENTRO,"RUA MONCORVO FILHO, 10",CENTRO, ,acfisio@gmail.com,0 às 0h,-,-,HOSPITAL,,,6694187,c38cc323-0272-4825-ad4f-08cf9e090175
-4821564.3975,-2611770.9982,703,9111344,SMS CF CANDIDO RIBEIRO DA SILVA FILHO - AP 33,33,11 - PENHA,"AVENIDA SAO FELIX, 201",VISTA ALEGRE,24816111,cfcandinho@gmail.com,7 às 18h,-,A,CLINICA DA FAMILIA,2016/12/27 02:00:00+00,,9111344,a785830e-a080-43ca-b73a-093494dd3ee0
-4865889.3494,-2620505.098,704,2280310,SMS CF ERNANI DE PAIVA FERREIRA BRAGA - AP 53,53,19 - SANTA CRUZ,"AVENIDA JOAO XXIII, S/N",SANTA CRUZ,(21)33953412,cfeb.cap53@gmail.com,7 às 18h,7 às 12h,A,CLINICA DA FAMILIA,2012/06/27 03:00:00+00,,2280310,b67767de-6e20-4f92-a37f-094b90ae6702
-4812814.1395,-2621635.7152,705,6044697,SMS CAPS AD MANE GARRINCHA - AP 22,22,9 - VILA ISABEL,"AVENIDA PROFESSOR MANOEL DE ABREU, 196",MARACANA,21 2284-6860,capsadmanegarrincha@rio.rj.gov.br,7 às 19h,-,-,CAPS,2008/05/05 03:00:00+00,,6044697,eeed362e-0cb8-421c-bd4d-0a8ee37fb0f4
-4811479.4846,-2619889.776,706,2270250,SMS CMS ERNESTO ZEFERINO TIBAU JR - AP 10,10,7 - SAO CRISTOVAO,"AVENIDA DO EXERCITO, 1",SAO CRISTOVAO,(21)38958658,cmseztibau@rio.rj.gov.br,7 às 17h,7 às 12h,C,CMS,1950/06/16 03:00:00+00,,2270250,2491c117-d8e0-4c57-906b-0c2226d4ec5f
-4856602.7882,-2631693.5882,707,2270277,SMS CMS ALVIMAR DE CARVALHO - AP 52,52,26 - GUARATIBA,"RUA SOLDADO ELISEU HIPOLITO, S/N",PEDRA DE GUARATIBA,(21)3404-7799,psacarvalho@rio.rj.gov.br,7 às 18h,8 às 12h,B,CMS,1987/02/17 03:00:00+00,,2270277,ea5b2441-445c-4d17-8beb-0d476042388c
-4814626.7631,-2614809.4128,708,7561660,SMS CAPS AD MIRIAM MAKEBA - AP 31,31,10 - RAMOS,"RUA PROFESSOR LACE, 485",BONSUCESSO,38898441,capsadmiriammakeba@vivario.org.br,24h,24h,-,CAPS,2014/08/21 03:00:00+00,,7561660,319bdae0-a6d7-4b7b-a086-0e8b837e9bc0
-4830409.9581,-2626488.1878,709,3567508,SMS CMS RAPHAEL DE PAULA SOUZA - AP 40,40,16 - JACAREPAGUA,"ESTRADA DE CURICICA, 2000",JACAREPAGUA,(21)24080058,ger.curicica.cap40@iabas.org.br,7 às 18h,8 às 12h,B,CMS,2001/01/08 02:00:00+00,,3567508,dacabf3d-0aa8-42d9-9af7-0f22ab517db3
-4826186.0171,-2617946.1821,710,199338,SMS CF ADV MARIO PIRES DA SILVA AP - 33,33,15 - MADUREIRA,PRACA MARCIA MENDES 0 CAMPINHO,CAMPINHO, , , , ,A,CLINICA DA FAMILIA,2020/07/01 03:00:00+00,,199338,b3d73951-0713-4508-bccb-0f7ac5c90960
-4813409.1438,-2621802.097,711,2269813,SMS HOSPITAL DE GERIAT. E GERONT. - AP 22,22,9 - VILA ISABEL,"RUA VISCONDE DE NITEROI, 1450",MANGUEIRA,(21)31116800,iggmpedro@rio.rj.gov.br,8 às 17h,-,-,HOSPITAL,1979/07/10 03:00:00+00,,2269813,e3629c4d-4a9f-4715-a949-0f9d6850a9f8
-4832756.5161,-2611793.1889,712,2269759,SMS CMS FLAVIO DO COUTO VIEIRA - AP 33,33,22 - ANCHIETA,"RUA LUCIO JOSE FILHO, S/N",PARQUE ANCHIETA,21 24557516,cmsflaviocoutovieira@gmail.com,7 às 18h,8 às 12h,C,CMS,2001/11/30 02:00:00+00,,2269759,c2160242-4486-4aa3-a5e7-0fc7bfe2a867
-4836478.8755,-2618533.2275,713,6387152,SMS CF OLIMPIA ESTEVES - AP 51,51,17 - BANGU,"RUA OLIMPIA ESTEVES, S/N",PADRE MIGUEL,33093487,psfolimpiaesteves@gmail.com,7 às 18h,8 às 12h,A,CLINICA DA FAMILIA,2009/11/14 02:00:00+00,,6387152,9cd421cf-c4ed-4ce6-94a1-117614718a29
-4806226.8697,-2607178.9386,714,3567494,SMS CAPS ERNESTO NAZARETH - AP 31,31,20 - ILHA DO GOVERNADOR,"AVENIDA PARANAPUAN, 435",BANCARIOS,(21)3367-5145,capsenilha@gmail.com,8 às 17h,-,-,CAPS,2005/08/31 03:00:00+00,,3567494,3dc8f2a5-12aa-4ff9-bea6-12e760f985ff
-4829892.1805,-2624323.2921,715,3567516,SMS CAPSI ELIZA SANTA ROZA - AP 40,40,16 - JACAREPAGUA,"RUA SAMPAIO CORREA, 105",JACAREPAGUA-TAQUARA,2134125601,capsiesr@rio.rj.gov.br,8 às 18h,-,-,CAPS,2005/08/31 03:00:00+00,,3567516,5a7d4697-8fb7-4a79-bbef-13ee17d3a2e9
-4828848.5421,-2613521.8048,716,5313783,SMS CAPS DIRCINHA E LINDA BATISTA - AP 33,33,22 - ANCHIETA,"RUA JORNALISTA HERMANO REQUIAO, 447",GUADALUPE,21 2475-4917,caps.lindabatista@gmail.com,8 às 18h,-,-,CAPS,2004/07/05 03:00:00+00,,5313783,de6e68df-b5ba-49b7-94e5-16490ba47aee
-4854720.273,-2621748.8306,717,3567559,SMS CF VALDECIR SALUSTIANO CARDOZO - AP 52,52,18 - CAMPO GRANDE,"PRACA MANOEL MARIZ, S/N",COSMOS,(21)35238638,ger.cfvsc.cap52@gmail.com,7 às 18h,8 às 12h,A,CLINICA DA FAMILIA,2004/03/20 03:00:00+00,,3567559,33bcc683-89ed-4ddd-a383-164940ea7321
-4807810.5765,-2608948.6715,718,2270064,SMS POLICLINICA NEWTON ALVES CARDOZO - AP 31,31,20 - ILHA DO GOVERNADOR,"RUA DR ANTONIO MONTEIRO - ANTIGA RUA COMBU, 191",JARDIM CARIOCA,(21)39752922,pnacardozo@gmail.com,7 às 19h,8 às 12h,-,POLICLINICA,1974/03/14 03:00:00+00,,2270064,e1aaca32-5838-4b04-ae9e-174c39b50447
-4812896.2338,-2618485.957,719,9079939,SMS CF MEDALHISTA OLIMPICO MAURICIO SILVA AP 10,10,7 - SAO CRISTOVAO,"AVENIDA CARLOS MATOSO CORREIA, S/N",BENFICA,(21)25800632,raquel.ferreirarj@spdm-pais.org.br,7 às 18h,8 às 12h,A,CLINICA DA FAMILIA,2016/10/28 02:00:00+00,,9079939,c4797fdd-65f9-4b1c-849a-19d8b53901b6
-4840470.7614,-2618697.2207,720,2269848,SMS CMS ALEXANDER FLEMING - AP 51,51,17 - BANGU,"RUA MARMIARI, S/N",SENADOR CAMARA,3335-0594,flemingmonit@gmail.com,7 às 18h,8 às 12h,C,CMS,1987/02/14 02:00:00+00,,2269848,fa68b527-1d63-4db9-b7ec-1a36f30f9d6b
-4865250.6714,-2627350.2504,721,3785009,SMS CF VALERIA GOMES ESTEVES - AP 53,53,19 - SANTA CRUZ,"RUA VITORIA REGIA, Q. 4",SEPETIBA,31581733,cfvge.cap53@gmail.com,7 às 18h,7 às 12h,A,CLINICA DA FAMILIA,2010/07/04 03:00:00+00,,3785009,a8c6674b-8c1c-4c68-87d9-1b7e0bc3efe2
-4841503.1614,-2617599.4246,722,7926103,SMS CAPS NEUSA SANTOS SOUZA - AP 51,51,17 - BANGU,"RUA BAALBECK, 75",SENADOR CAMARA, ,capsneusass@gmail.com,8 às 17h,-,-,CAPS,2016/03/09 03:00:00+00,,7926103,3776a740-0df2-4518-ae2d-1c173d2e1e3b
-4816880.1165,-2612848.8503,723,6664164,SMS CMS SAO GODOFREDO - AP 31,31,11 - PENHA,"RUA SAO GODOFREDO, 45",PENHA,(021)39765038,cmssaogodofredo@vivario.org.br,7 às 18h,-,B,CMS,2010/10/20 02:00:00+00,,6664164,91a1b4a0-f0d4-4d1c-9d0c-1c1f935a58fc
-4861911.5697,-2622322.2564,724,6660185,SMS CF DEOLINDO COUTO - AP 53,53,19 - SANTA CRUZ,"RUA SANTO AUGURIO, 40",SANTA CRUZ,(21)31589665,cfdc.cap53@gmail.com,7 às 18h,7 às 12h,A,CLINICA DA FAMILIA,2010/11/23 02:00:00+00,,6660185,8d5031f3-63a5-4ede-981f-1c6bd5d4a84d
-4820323.0248,-2620044.7699,725,2280728,SMS RIO INSTITUTO MUNICIPAL NISE DA SILVEIRA AP 32,32,13 - MEIER,"RUA RAMIRO MAGALHAES, 521",ENGENHO DE DENTRO,(21)31117426,nisedasilveira@smsdc.rio.rj.gov.br,24h,24h,-,HOSPITAL,1911/06/11 03:00:00+00,,2280728,74d00903-272d-432b-916f-1c6cf2a28920
-4806461.206,-2626423.6295,726,9264612,SMS POLICLINICA ROCHA MAIA AP 21,21,4 - BOTAFOGO,"RUA GENERAL SEVERIANO, 91",BOTAFOGO,(21) 2295-2295,polrochamaia@gmail.com,8 às 19h,-,-,POLICLINICA,2017/07/12 03:00:00+00,,9264612,dbefe8ab-7e3c-443d-89ac-1d9bb4ceac33
-4813841.773,-2621346.6368,727,2269341,SMS RIO HOSPITAL MUNICIPAL JESUS,22,9 - VILA ISABEL,"RUA OITO DE DEZEMBRO, 717",VILA ISABEL, , ,24h,24h,-,HOSPITAL,1935/07/30 03:00:00+00,,2269341,7422ffa7-965b-4d7e-85a2-1e847a9c2f9d
-4806921.4903,-2621665.2264,728,5621801,SMS CSE LAPA - AP 10,10,23 - SANTA TERESA,"RUA DO RIACHUELO, 43",CENTRO,32316026,cselapa@gmail.com,8 às 17h,-,B,CMS,2001/03/01 03:00:00+00,,5621801,4bfd95e5-2524-444f-a574-1f0c4df68b4c
-4832502.3092,-2617125.1181,729,3416356,SMS CMS BUA BOANERGES BORGES DA FONSECA - AP 51,51,33 - REALENGO,"RUA LARANJEIRAS DO SUL, S/N",MAGALHAES BASTOS,3462-5134,gestorcmsbua@gmail.com,7 às 18h,8 às 12h,B,CMS,2004/07/02 03:00:00+00,,3416356,6d154f4b-9230-48ac-a78f-1f32c59afcb3
-4827367.0213,-2631407.9286,730,6716938,SMS COORD DE EMERGENCIA REGIONAL CER BARRA - AP 40,40,24 - BARRA DA TIJUCA,"AVENIDA AYRTON SENNA, 2000",BARRA DA TIJUCA,35507060,coord.emerg.barra.riosaude@gmail.com,24h,24h,-,CER,2011/03/16 03:00:00+00,,6716938,29eced35-f991-4514-8348-1f428d38c818
-4814899.4703,-2624787.5567,731,2778696,SMS CMS CARLOS FIGUEIREDO FILHO / BOREL - AP 22,22,8 - TIJUCA,"RUA SAO MIGUEL, S/N",TIJUCA,25701688,gerencia.borel@gmail.com,7 às 17h,-,B,CMS,2000/02/02 02:00:00+00,,2778696,6e313083-7c0b-4ed2-b732-2285ed50b473
-4858507.5815,-2622524.5474,732,6559727,SMS CF ILZO MOTTA DE MELLO - AP 53,53,19 - SANTA CRUZ,"AVENIDA CESARIO DE MELO, 11485",PACIENCIA,33956771,cfimm.cap53@gmail.com,7 às 18h,7 às 12h,A,CLINICA DA FAMILIA,2010/06/13 03:00:00+00,,6559727,88923e7d-26a9-4ac6-855c-22b1084f38aa
-4811835.3134,-2621565.6118,733,5483115,SMS NUCLEO DE SAUDE DO TRABALHADOR NUSAT 2 - AP 22,22,9 - VILA ISABEL,"RUA GENERAL CANABARRO, 345",PRACA DA BANDEIRA,22214269,gtrabalhador@rio.rj.gov.br,8 às 17h,-,-,CENTRO DE REFERENCIA,2007/09/14 03:00:00+00,,5483115,f54fc6fb-9290-410a-a522-233a058fc89e
-4823303.7395,-2611584.3839,734,9131884,SMS CF DEPUTADO PEDRO FERNANDES FILHO - AP 33,33,14 - IRAJA,"PRACA NOSSA SENHORA DA APRESENTACAO, S/N",IRAJA,33710144,cfdeppedrofernandesfilho@gmail.com,7 às 18h,8 às 12h,A,CLINICA DA FAMILIA,2016/12/27 02:00:00+00,,9131884,86cb151c-6a97-4eab-8183-23a6b83499db
-4820435.2165,-2620249.4846,735,5413605,SMS CAPS AD RAUL SEIXAS - AP 32,32,13 - MEIER,"RUA DOIS DE FEVEREIRO, 785",ENCANTADO,(21) 3111-7512,crseixas@rio.rj.gov.br,24h,24h,-,CAPS,2004/08/01 03:00:00+00,,5413605,1e43c313-e217-44f5-9560-244d65257fdb
-4854616.1202,-2626618.5376,736,2270285,SMS CMS WOODROW PIMENTEL PANTOJA - AP 52,52,26 - GUARATIBA,"ESTRADA DO MAGARCA, 4435",GUARATIBA,(21)23948360,ger.wpp.cap52@iabas.org.br,7 às 18h,8 às 12h,B,CMS,1982/08/27 03:00:00+00,,2270285,1d0f9b17-96ca-4da1-a117-24938abfe876
-4837598.7207,-2616379.5536,737,2270048,SMS POLICLINICA MANOEL GUILHERME (PAM BANGU) - AP 51,51,17 - BANGU,"AV. RIBEIRO DANTAS, 571",BANGU,(21)3464-6030,pammgsilveira@rio.rj.gov.br,8 às 17h,8 às 12h,-,POLICLINICA,1966/01/03 02:00:00+00,,2270048,b7db557b-bacc-4138-868e-24d9a63d584a
-4806405.3154,-2626373.8581,738,2273489,SMS RIO HOSPITAL MUNICIPAL ROCHA MAIA,21,4 - BOTAFOGO,"GENERAL SEVERIANO, 91",BOTAFOGO, , ,24h,24h,-,HOSPITAL,2002/03/13 03:00:00+00,,2273489,bfaa4c8a-f2ea-4032-8235-2532dd674e10
-4818761.2743,-2617692.4874,739,6742130,SMS CF EMYGDIO ALVES COSTA FILHO - AP 32,32,13 - MEIER,"RUA DO LAZER, 153",PILARES,(21) 3283-3776,cfea.adm@gmail.com,7 às 18h,8 às 12h,A,CLINICA DA FAMILIA,2011/03/31 03:00:00+00,,6742130,1dacbd64-639f-4b4b-b617-2731cc4ca33e
-4820557.3226,-2608696.5458,740,5457009,SMS CMS IRACI LOPES - AP 31,31,31 - VIGARIO GERAL,"RUA ANTONIO MENDES, 2",VIGARIO GERAL,(21)3451-9504,usfvigariogeral@vivario.org.br,7 às 17h,-,B,CMS,2011/07/06 03:00:00+00,,5457009,da417ab8-5148-4788-b91a-27550a930d49
-4831639.1345,-2624739.5586,741,2269996,SMS IMAS JULIANO MOREIRA - AP 40,40,16 - JACAREPAGUA,"ESTRADA RODRIGUES CALDAS, 3400",JACAREPAGUA,(21)3432-2358,imasjulianomoreira.nig@gmail.com,24h,24h,-,HOSPITAL,2001/11/30 02:00:00+00,,2269996,99c8d9d2-1293-45d5-8f27-27621f7196fd
-4863304.0949,-2621441.5887,742,6995446,SMS COORDENACAO DE EMERGENCIA REGIONAL CER SANTA CRUZ,53,19 - SANTA CRUZ,"RUA DO PRADO, 325",SANTA CRUZ,3365 5201,cnes.hmp2@spdm-pais.org.br,24h,24h,-,CER,2012/06/07 03:00:00+00,,6995446,ca0157aa-cd62-4af8-99ae-286a259e96c5
-4814834.0884,-2619973.7845,743,6713564,SMS CF ANNA NERY - AP 32,32,13 - MEIER,"RUA ANA NERI COM RUA GENERAL BELFORD, S/N",ROCHA,(21) 3283-3225,cfannanery@gmail.com,7 às 18h,8 às 12h,A,CLINICA DA FAMILIA,2011/04/14 03:00:00+00,,6713564,f1f20a75-187d-4ac7-a752-2901e3cf626d
-4813674.9841,-2615769.709,744,6023320,SMS CF AUGUSTO BOAL - AP 31,31,30 - COMPLEXO DA MARE,"AV. GUILHERME MAXWEL, 107",MARE,(21) 3105-8982,cfaugustoboal@vivario.org.br,7 às 18h,8 às 12h,A,CLINICA DA FAMILIA,2010/12/11 02:00:00+00,,6023320,186ade3f-579e-429f-a55e-29fd7ebe1a32
-4850019.5419,-2639988.1735,745,2270307,SMS CMS MOURAO FILHO - AP 52,52,26 - GUARATIBA,"ESTRADA DA BARRA DE GUARATIBA, 9748",BARRA DE GUARATIBA,(21)34278562,ger.barrradeguaratiba.cap52@iabas.org.br,7 às 18h,-,B,CMS,2004/03/13 03:00:00+00,,2270307,a6f653b6-d4a5-47f0-b7d4-2a74ad93c618
-4817792.1809,-2613000.2841,746,6664075,SMS CF FELIPPE CARDOSO - AP 31,31,11 - PENHA,"AVENIDA NOSSA SENHORA DA PENHA, 42",PENHA,(21)3977-7661,cffelipecardoso@vivario.org.br,7 às 18h,8 às 12h,A,CLINICA DA FAMILIA,2010/12/10 02:00:00+00,,6664075,4567a031-f6d3-40f5-8a90-2bbf4cf3932b
-4810074.1742,-2607200.448,747,5467136,SMS CMS PARQUE ROYAL - AP 31,31,20 - ILHA DO GOVERNADOR,"RUA JORNALISTA ALAIDE PIRES, 25",PORTUGUESA,(21)3353-8448,usfparqueroyal@vivario.org.br,7 às 17h,-,B,CMS,1999/04/05 03:00:00+00,,5467136,2c4e5f09-8194-4f53-a631-2c321bcb8d6b
-4806642.5326,-2608308.2598,748,9072659,SMS CF WILMA COSTA - AP 31,31,20 - ILHA DO GOVERNADOR,"PARQUE POETA MANUEL BANDEIRA, S/N",COCOTA,21972401033,cfwilmacosta@vivario.org.br,7 às 18h,8 às 12h,A,CLINICA DA FAMILIA,2016/09/29 03:00:00+00,,9072659,fe930c37-203e-4b0c-85c4-2c418708e647
-4814860.4927,-2630750.0624,749,6507409,SMS UPA 24H ROCINHA - AP 21,21,27 - ROCINHA,"ESTRADA DA GAVEA, 522",ROCINHA,33227039,elenybritto@vivario.org.br,24h,24h,-,UPA,2010/03/18 03:00:00+00,,6507409,442bc7c6-5693-491d-a5b8-2daa0f95f09f
-4816005.7386,-2618991.1873,750,2280736,SMS CMS RENATO ROCCO - AP 32,32,28 - JACAREZINHO,"RUA AIRES DE CASAL, S/N",JACAREZINHO,(21) 3297-2521,gerenciarenatorocco@yahoo.com.br,7 às 18h,-,C,CMS,1988/01/07 02:00:00+00,,2280736,32748a0c-9bbd-4205-8037-2ddc72e1ab62
-4825313.2108,-2614068.6626,751,7110162,SMS UPA 24H ROCHA MIRANDA - AP 33,33,15 - MADUREIRA,"ESTRADA DO BARRO VERMELHO, S/N",ROCHA MIRANDA,35141487,upa24hrochamiranda.riosaude@gmail.com,24h,24h,-,UPA,2012/09/26 03:00:00+00,,7110162,4fd3a1fe-c451-4645-9fd9-2e3e03138329
-4811820.7965,-2621562.3396,752,2295326,SMS CMR OSCAR CLARK - AP 22,22,9 - VILA ISABEL,"RUA GENERAL CANABARRO, 345",MARACANA,22841849,ioc@rio.rj.gov.br,8 às 17h,-,-,CMR,2002/10/11 03:00:00+00,,2295326,5deb6de7-ff6a-4345-8702-2ebc78fed47e
-4817532.1501,-2619780.4131,753,9131795,SMS CF ERIVALDO FERNANDES NOBREGA - AP 32,32,13 - MEIER,"RUA RIO GRANDE DO SUL, 26",MEIER,2135-3555,cfefn.rj@gmail.com,7 às 18h,8 às 12h,A,CLINICA DA FAMILIA,2016/12/16 02:00:00+00,,9131795,8c36e094-4baf-43ce-a3c5-2f78ec3c5e78
-4816558.4244,-2615226.8507,754,6512925,SMS UPA 24H COMPLEXO DO ALEMAO - AP 31,31,29 - COMPLEXO DO ALEMAO,"ESTRADA DO ITARARE, 221",BONSUCESSO, , ,24h,24h,-,UPA,2010/04/08 03:00:00+00,,6512925,cafdc8ad-d6b9-43ec-a0dd-2fb7c7ccabc5
-4819047.0934,-2619516.014,755,2269805,SMS CMS MILTON FONTES MAGARAO - AP 32,32,13 - MEIER,"AV AMARO CAVALCANTI, 1387",ENGENHO DE DENTRO,21-31116707,miltonfontesmagarao@gmail.com,7 às 18h,8 às 12h,C,CMS,1979/03/12 03:00:00+00,,2269805,689c882c-b11e-4f5c-843a-305355a05a4d
-4823255.8013,-2611535.4637,756,7110340,SMS PADI FRANCISCO DA SILVA TELLES - AP 33,33,14 - IRAJA,"AVENIDA UBIRAJARA, 25",IRAJA,(21)3523-8542,faturamento.padiiabas@iabas.org.br,7 às 19h,-,-,HOSPITAL,2012/09/25 03:00:00+00,,7110340,204de147-4de2-4085-8318-30e6b945d098
-4817215.2438,-2620655.599,757,6033121,SMS CMS ANTENOR NASCENTES - AP 32,32,13 - MEIER,"RUA PROFESSOR ANTENOR NASCENTES, 125",LINS DE VASCONCELOS,(21) 3277-6368,psfpan@gmail.com,8 às 17h,8 às 12h,B,CMS,2008/12/23 02:00:00+00,,6033121,12c9498c-2bf0-45c6-abe5-312d5ad0d07c
-4829281.1802,-2609857.6755,758,7088574,SMS CF MANOEL FERNANDES DE ARAUJO - AP 33,33,25 - PAVUNA,"RUA LAUDO DE CAMARGO, S/N",PAVUNA,21 3358 7884,cf.seuneco@gmail.com,7 às 18h,-,A,CLINICA DA FAMILIA,2012/09/18 03:00:00+00,,7088574,8d0a8d23-d1bc-4f0e-979f-337c8acca160
-4852982.5542,-2621443.7047,759,3567540,SMS CF ANA GONZAGA - AP 52,52,18 - CAMPO GRANDE,"PRACA JOAO WESLEY, 7",INHOAIBA,(21)24156520,ger.anagonzaga.cap52@iabas.org.br,7 às 18h,8 às 12h,A,CLINICA DA FAMILIA,2016/01/13 02:00:00+00,,3567540,2f90d4ca-eafc-4dfd-be2d-34bdcdd51aea
-4809097.7551,-2621086.9849,760,2288346,SMS CMS MARCOLINO CANDAU - AP 10,10,3 - RIO COMPRIDO,"RUA LAURA DE ARAUJO, 36",CIDADE NOVA,(21)2273-2244,cmsmcandau@smsdc.rio.rj.gov.br,7 às 17h,8 às 12h,C,CMS,1995/11/25 02:00:00+00,,2288346,bdabecfe-1c22-4a02-8fd9-34d6d041189b
-4838326.2316,-2614469.0028,761,3416372,SMS CF ROSINO BACCARINI - AP 51,51,17 - BANGU,"RUA ARAQUEM, 840",BANGU,2401-5924,psfcancelapreta2@gmail.com,7 às 18h,8 às 12h,A,CLINICA DA FAMILIA,2012/07/05 03:00:00+00,,3416372,322e2c00-1be1-4318-a359-35b0445480c9
-4860383.9844,-2624147.8392,762,2273578,SMS CMS CESARIO DE MELLO - AP 53,53,19 - SANTA CRUZ,"RUA 2, S/N",SANTA CRUZ,(21)33052049,cmscm.cap53@gmail.com,7 às 18h,7 às 12h,B,CMS,1982/07/01 03:00:00+00,,2273578,34fe2429-a798-4f6f-ad24-364928a47e42
-4853123.0258,-2620945.7453,763,2269538,SMS CMS EDGARD MAGALHAES GOMES - AP 52,52,18 - CAMPO GRANDE,"PRACA FILOMENA CARLOS MAGNO, 0",INHOAIBA,(21)3377-2850,ger.emg.cap52@iabas.org.br,7 às 18h,8 às 12h,B,CMS,2007/12/17 02:00:00+00,,2269538,2312fb25-256d-4bf7-b9bd-371472d1ba5d
-4833232.9468,-2619018.9474,764,7101856,SMS UPA 24H MAGALHAES BASTOS - AP 51,51,33 - REALENGO,"ESTRADA MANOEL NOGUEIRA DE SA, S/N",MAGALHAES BASTOS,35507080,amanda.kauffmann@cvbsaude.org,24h,24h,-,UPA,2012/08/28 03:00:00+00,,7101856,6b2b7f79-2c16-4a4b-b6e4-3739eb7b83ba
-4828013.8186,-2615658.8236,765,189200,SMS CF ENGENHEIRO SANITARISTA PAULO D AGUILA AP 33,33,15 - MADUREIRA,"JORGE SHMIDT, 331",MARECHAL HERMES, , ,7h às 18h, ,A,CLINICA DA FAMILIA,2020/07/01 03:00:00+00,,189200,9e26d316-a98c-4ed0-9506-38aeb474a462
-4827288.5254,-2631435.981,766,2270609,SMS HOSPITAL MUNICIPAL LOURENCO JORGE- AP 40,40,24 - BARRA DA TIJUCA,"AV AYRTON SENNA, 2000",BARRA DA TIJUCA,(21)31114612,hmljorge@rio.rj.gov.br,24h,24h,-,HOSPITAL,2004/04/15 03:00:00+00,,2270609,749329af-3143-4731-b049-39eee224fb44
-4852745.147,-2631066.3259,767,2270315,SMS CMS MAIA BITTENCOURT - AP 52,52,26 - GUARATIBA,"ESTRADA DO MATO ALTO, 5609",GUARATIBA,(21)24108990,ger.fazendamodelo.cap52@iabas.org.br,7 às 18h,8 às 12h,B,CMS,1998/08/04 03:00:00+00,,2270315,c05f1dc1-312d-4693-9a88-3a097263c7ae
-4819775.9521,-2616157.3872,768,2273225,SMS CMS ARIADNE LOPES DE MENEZES - AP 32,32,12 - INHAUMA,"RUA ENG CARLOS GONCALVES PENNA, S/N",ENGENHO DA RAINHA,(21) 3111-6755,cfariadne@gmail.com,7 às 18h,8 às 12h,B,CMS,1976/10/11 03:00:00+00,,2273225,8f068758-a3b7-468d-8b9e-3a3c20c66d75
-4841270.8382,-2614290.5382,769,2270439,SMS CMS HENRIQUE MONAT - AP 51,51,17 - BANGU,"ESTRADA DO QUAFA, 7",BANGU,3468-3421,monatcap5.1vb@gmail.com,7 às 17h,8 às 12h,C,CMS,1986/11/05 02:00:00+00,,2270439,9ad6ab41-3aa5-4ed4-82de-3a9700e6e7b5
-4807291.9245,-2609143.8334,770,7856962,SMS CMS PAULINO WERNECK - AP 31,31,20 - ILHA DO GOVERNADOR,"ESTRADA DA CACUIA, 745",CACUIA,+55 21 2467-7048,cmspaulinowerneck@vivario.org.br,7 às 17h,-,C,CMS,2016/02/23 03:00:00+00,Inativo,7856962,358ce263-3990-419f-b6d1-3afd0e719242
-4857882.993,-2622637.7802,771,2280760,SMS CMS MARIA APARECIDA DE ALMEIDA - AP 53,53,19 - SANTA CRUZ,"PRACA ANTONIO MATTOS AREAS, S/N",PACIENCIA,(21)34840891,cmsmaa.cap53@gmail.com,7 às 18h,7 às 12h,B,CMS,1987/01/10 02:00:00+00,,2280760,da569e1a-52c6-422d-ac25-3b2cca3f035f
-4823501.4631,-2628863.2311,772,7892829,SMS CF HELENA BESSERMAN VIANNA - AP 40,40,16 - JACAREPAGUA,"VIA LIGHT, S/N",JACAREPAGUA, ,cfhelenabv@gmail.com,7 às 18h,8 às 12h,A,CLINICA DA FAMILIA,2016/03/05 03:00:00+00,,7892829,42e7a9f5-340c-494c-8a08-3b3ebed69bb7
-4820709.3073,-2620426.2151,773,9101764,SMS CF AMELIA DOS SANTOS FERREIRA - AP 32,32,13 - MEIER,"RUA POMPILIO DE ALBUQUERQUE, 386",AGUA SANTA,3437-0636,cfameliaferreira@gmail.com,7 às 18h,8 às 12h,A,CLINICA DA FAMILIA,2016/12/16 02:00:00+00,,9101764,3c5ad746-a42c-4313-974b-3b7dc09e6273
-4817137.4738,-2616551.6369,774,2270471,SMS POLICLINICA RODOLPHO ROCCO - AP 32,32,12 - INHAUMA,"ESTRADA ADHEMAR BEBIANO, 339",INHAUMA,(21) 3884-6418,pamrrocco@rio.rj.gov.br,24h,24h,-,POLICLINICA,1982/09/03 03:00:00+00,,2270471,81c95a14-caf8-4791-983b-3ba8cf6e077d
-4814798.4631,-2614121.666,775,2295032,SMS CMS MARIA CRISTINA ROMA PAUGARTTEN - AP 31,31,10 - RAMOS,"RUA JOAQUIM GOMES, S/N",RAMOS,(21)38670569,cmsmariacristina@vivario.org.br,7 às 18h,8 às 12h,B,CMS,1949/12/30 02:00:00+00,,2295032,1f38464c-337a-45b1-8734-3c1440744078
-4862441.3118,-2621873.9725,776,7118376,SMS CAPS AD JULIO CESAR DE CARVALHO - AP 53,53,19 - SANTA CRUZ,"RUA SEVERIANO DAS CHAGAS, 196",SANTA CRUZ,(21) 31569277, ,8 às 20h,8 às 12h,-,CAPS,2012/10/15 03:00:00+00,,7118376,a001fc74-a271-46c6-a402-3cf89a2111f9
-4863947.933,-2629142.2796,777,2295253,SMS CF WALDEMAR BERARDINELLI - AP 53,53,19 - SANTA CRUZ,"RUA FREDERICO TROTA, S/N",SEPETIBA,(21) 331581024,cfwb.cap53@gmail.com,7 às 18h,8 às 12h,A,CLINICA DA FAMILIA,2013/01/10 02:00:00+00,,2295253,a0346c43-f43b-4b82-938e-3d1bb55a37ed
-4811843.3326,-2609651.3027,778,2269724,SMS HOSPITAL MUNICIPAL NOSSA SENHORA DO LORETO - AP - 31,31,20 - ILHA DO GOVERNADOR,"RUA TAIFEIRO OSMAR DE MORAES, 26",GALEAO,(21)33931983/0610,hmnsloreto@rio.rj.gov.br,24h,24h,-,HOSPITAL,1950/12/10 02:00:00+00,,2269724,78b88c97-a57e-4f8b-8a35-3ddc590391d7
-4866617.5986,-2618689.0658,779,2269929,SMS CMS CATTAPRETA - AP 53,53,19 - SANTA CRUZ,"RUA ENGENHEIRO JOSE BOANERGES CESAR, S/N",SANTA CRUZ,(21)31581734,cmscp.cap53@gmail.com,7 às 18h,7 às 12h,B,CMS,1987/06/13 03:00:00+00,,2269929,9c3e8e45-48de-4058-8099-3f187b71644f
-4816970.3643,-2610575.2862,780,3784959,SMS CMS JOAO CANDIDO - AP 31,31,11 - PENHA,"AV. LOBO JR., 83",PENHA CIRCULAR,(02)12584-2083,usfjoaocandido@vivario.org.br,7 às 17h,-,B,CMS,2010/12/18 02:00:00+00,,3784959,138054ee-a931-4e68-b68a-3f354ac6c5dd
-4808296.4656,-2620696.7813,781,5483107,SMS NUCLEO DE SAUDE DO TRABALHADOR NUSAT 1 - AP 10,10,2 - CENTRO,"AVENIDA PRESIDENTE VARGAS, 1997",CENTRO,22214269,gttrabalhador@rio.rj.gov.br,8 às 17h,-,-,CENTRO DE REFERENCIA,2007/09/14 03:00:00+00,,5483107,486e21de-f535-42e5-9669-42e3799cd45d
-4812028.7593,-2609179.2666,782,6804209,SMS CF ASSIS VALENTE - AP 31,31,20 - ILHA DO GOVERNADOR,"EST. DAS CANARIAS COM AV. BRAS CRISPIN (PRACA), S/N",GALEAO,(21) 98498-3173,cfassisvalente@vivario.org.br,7 às 18h,8 às 12h,A,CLINICA DA FAMILIA,2011/07/08 03:00:00+00,,6804209,6b926b45-c91d-4602-9947-43efbd6d3df9
-4814893.7702,-2612569.7254,783,7060335,SMS CAPSI VISCONDE DE SABUGOSA - AP 31,31,30 - COMPLEXO DA MARE,"AV.GUANABARA, S/N",MARE,21 38849635,capsiviscondesabugosa@gmail.com,8 às 17h,-,-,CAPS,2012/07/21 03:00:00+00,,7060335,a1623dff-f927-4a9a-aaf9-45ba0a0e997e
-4816123.6951,-2619842.3283,784,6688152,SMS CF IZABEL DOS SANTOS - AP 32,32,13 - MEIER,"RUA DOIS DE MAIO, 220",ENGENHO NOVO,(21) 3297-3998,cfis.rj@hotmail.com,7 às 18h,8 às 12h,A,CLINICA DA FAMILIA,2011/01/26 02:00:00+00,,6688152,761d3794-428b-44b8-8662-45e2ca17b8cd
-4837610.8605,-2616389.217,785,3018091,SMS CAPS LIMA BARRETO - AP 51,51,17 - BANGU,"AVENIDA RIBEIRO DANTAS, 571",BANGU,(21) 3462-5449,capslbarreto@gmail.com,8 às 17h,-,-,CAPS,2007/09/27 03:00:00+00,,3018091,4fed1fa8-dddf-48a2-a576-469cf0c9ff04
-4811711.5724,-2620112.1871,786,9057706,SMS CF ESTIVADORES - AP 10,10,7 - SAO CRISTOVAO,"AVENIDA DO EXERCITO, 99",SAO CRISTOVAO,(21)32174103,cfestivadores@gmail.com,7 às 17h,-,A,CLINICA DA FAMILIA,2016/09/16 03:00:00+00,,9057706,6390a78c-45e0-42a9-acf6-46a516750a59
-4853003.065,-2619823.058,787,6029922,SMS CMS AGUIAR TORRES - AP 52,52,18 - CAMPO GRANDE,"ESTRADA DE INHOAIBA, 849",INHOAIBA,(21)33773456,ger.aguiartorres.cap52@iabas.org.br,7 às 18h,-,B,CMS,2011/06/06 03:00:00+00,,6029922,7be4d0c2-fc0b-46fb-8ae7-47093cc3b48b
-4852468.5527,-2618986.9884,788,7036914,SMS CF ANTONIO GONCALVES VILLA SOBRINHO - AP 52,52,18 - CAMPO GRANDE,"ESTRADA DO CAMPINHO, 2899",CAMPO GRANDE,(21)33943043,ger.agvs.cap52@iabas.org.br,7 às 18h,8 às 12h,A,CLINICA DA FAMILIA,2012/07/05 03:00:00+00,,7036914,ba9943e7-7e3d-4a99-8c44-47218abf9e73
-4820655.2704,-2620408.9618,789,9535896,SMS CAPS II EAT SEVERINO DOS SANTOS - AP 32,32,13 - MEIER,RUA RAMIRO MAGALHAES 521,ENGENHO DE DENTRO,(21)31117454,capseatss@gmail.com,8 às 17h,-,-,CAPS,2016/12/16 02:00:00+00,,9535896,1f3a1b73-68b3-495d-a756-4809366aef62
-4830556.8926,-2624796.9457,790,9071385,SMS CF ARTHUR BISPO DO ROSARIO - AP 40,40,16 - JACAREPAGUA,"RUA SAMPAIO CORREA, S/N",JACAREPAGUA, ,ger.alvaroramos.cap40@iabas.org.br,7 às 18h,8 às 12h,B,CMS,2016/09/29 03:00:00+00,,9071385,063ab13a-cea0-4f8d-8678-486ff4945138
-4820240.9477,-2620054.113,791,2708159,SMS CMR ENG DENTRO - AP 32,32,13 - MEIER,"RUA RAMIRO MAGALHAES, 521",ENGENHO DE DENTRO,3111-7350,cmred@rio.rj.gov.br,7 às 17h,-,-,CMR,2003/01/14 02:00:00+00,,2708159,04a6de33-164b-4691-8f3c-48f638d3d113
-4814861.253,-2631205.8828,792,6506232,SMS CF RINALDO DE LAMARE - AP 21,21,6 - LAGOA,"AV. NIEMEYER, 776",SAO CONRADO,(21) 3324-2487,sfrinaldodelamare@gmail.com,8 às 18h,-,A,CLINICA DA FAMILIA,2010/03/08 03:00:00+00,,6506232,fe6251a8-a528-4266-8346-49c807bfa128
-4834199.1855,-2617609.6105,793,3567486,SMS CASA DE PARTO DAVID CAPISTRANO FILHO - AP 51,51,33 - REALENGO,"AVENIDA PEDRO DA CUNHA, S/N",REALENGO,(21) 34625593,casadeparto@rio.rj.gov.br,24h,24h,-,HOSPITAL,2004/03/08 03:00:00+00,,3567486,90531b0d-f1d2-4524-b9eb-4a66816820e6
-4822725.0602,-2613515.536,794,9128867,SMS CF AMAURY BOTTANY - AP 33,33,14 - IRAJA,"AV MONSENHOR FELIX, 512",IRAJA,97168- 1345,amaurybottany@gmail.com,7 às 18h,-,A,CLINICA DA FAMILIA,2018/03/28 03:00:00+00,,9128867,9dbafb63-6d57-4db9-8e3e-4dac3b58d869
-4840536.5329,-2617809.2514,795,6742831,SMS UPA 24H SENADOR CAMARA - AP 51,51,17 - BANGU,"AVENIDA SANTA CRUZ, 6486",SENADOR CAMARA,21-38393226,upa24hsenadorcamara.riosaude@gmail.com,24h,24h,-,UPA,2011/02/18 02:00:00+00,,6742831,cfa95c07-c60d-42ae-bfac-4db10e6682e7
-4848879.9082,-2622160.0705,796,2270331,SMS POLICLINICA CARLOS ALBERTO NASCIMENTO - AP 52,52,18 - CAMPO GRANDE,"PRACA MAJOR VIEIRA DE MELO, S/N",CAMPO GRANDE,(21)30814735,polcanascimento@gmail.com,7 às 17h,7 às 12h,-,POLICLINICA,1999/11/10 02:00:00+00,,2270331,6edad3b0-9eb4-4996-bdc8-4ec6a92e5199
-4831225.9849,-2618348.4455,797,2270560,SMS CMS MASAO GOTO - AP 51,51,33 - REALENGO,"AV CARLOS PONTES, S/N",JARDIM SULACAP,(21)3357-7273,direcaomasao@gmail.com,7 às 18h,8 às 12h,C,CMS,1987/08/15 03:00:00+00,,2270560,8f838f6b-b665-4ca2-a9be-4edec69f75e7
-4851759.1104,-2621195.2231,798,2270633,SMS CMS MARIO VITOR DE A PACHECO - AP 52,52,18 - CAMPO GRANDE,"AVENIDA CESARIO DE MELO, 5580",INHOAIBA,(21) 3394 3842,psmvapacheco@rio.rj.gov.br,7 às 17h,8 às 12h,C,CMS,1987/02/14 02:00:00+00,,2270633,bebf778b-51f3-4f84-8b78-4f881ce5520e
-4846355.3456,-2617273.8052,799,9307265,SMS CF MARIA JOSE PAPERA DE AZEVEDO - AP 52,52,18 - CAMPO GRANDE,"ESTRADA DA POSSE, S/N",CAMPO GRANDE,(21)35238467,ger.cfmjpa.cap52@iabas.org.br,7 às 18h,8 às 12h,A,CLINICA DA FAMILIA,2017/08/24 03:00:00+00,,9307265,d54438bc-a4d2-4666-90dc-50465ade4119
-4825408.3207,-2620229.6967,800,6927254,SMS CMS NEWTON BETHLEM - AP 40,40,16 - JACAREPAGUA,"RUA BARAO, 260",PRACA SECA,38337052,ger.nb.cap40@iabas.org.br,7 às 18h,8 às 12h,C,CMS,1964/01/28 02:00:00+00,,6927254,d3ff9c77-b91c-4338-83a2-514e7a2749ea
-4824288.1317,-2617207.6316,801,2269937,SMS CMS ALBERTO BORGERTH - AP 33,33,15 - MADUREIRA,"RUA PADRE MANSO, S/N",MADUREIRA,21 30182477,pamaborgerth@rio.rj.gov.br,7 às 18h,-,C,CMS,2001/11/30 02:00:00+00,,2269937,f79c56b4-c37d-4b67-ac9f-518dbf31e290
-4806315.1238,-2626350.7281,802,2288362,SMS INSTITUTO MUNICIPAL PHILIPPE PINEL - AP 21,21,4 - BOTAFOGO,"AV VENCESLAU BRAS, 65",BOTAFOGO,(21)22755694,imppinel@smsdc.rio.rj.gov.br,24h,24h,-,HOSPITAL,1937/01/13 02:00:00+00,,2288362,077cd052-160b-4f22-b1cc-51c12beb36ed
-4825309.8564,-2618696.6037,803,7996675,SMS CF GERSON BERGHER - AP 40,40,16 - JACAREPAGUA,"RUA CANDIDO BENICIO, S/N",PRACA SECA, ,ger.cfgb.cap40@iabas.org.br,7 às 18h,8 às 12h,A,CLINICA DA FAMILIA,2016/12/16 02:00:00+00,,7996675,2dd364b7-b24e-4169-81b1-51f384a719b8
-4856697.1579,-2616728.4578,804,2273616,SMS CMS CYRO DE MELLO MANGUARIBA - AP 53,53,19 - SANTA CRUZ,"AVENIDA DO CANAL, S/N",PACIENCIA,(21)24188065,cmscym.cap53@gmail.com,7 às 18h,7 às 12h,B,CMS,2000/07/31 03:00:00+00,,2273616,2157f1e5-79ca-4ce7-ba46-521d4be2258a
-4810457.648,-2621666.6613,805,7414226,SMS CMS HELIO PELLEGRINO - AP 22,22,8 - TIJUCA,"RUA DO MATOSO, 96",PRACA DA BANDEIRA,25029546,gerencia.hpellegrino@gmail.com,7 às 18h,-,B,CMS,2014/04/28 03:00:00+00,,7414226,b3bad9f3-538f-43d6-bcf6-52cc598db0c5
-4845678.1707,-2621973.9057,806,9715444,SMS CF DR MYRTES AMORELLI GONZAGA - AP 52,52,18 - CAMPO GRANDE,ESTRADA DO LAMEIRAO PEQUENO S/N RIO DA PRATA,CAMPO GRANDE,(21) 33940860,cflameirao@gmail.com,8 às 18h,-,A,CLINICA DA FAMILIA,1982/02/16 03:00:00+00,,9715444,2627cf07-1a7a-475e-ad6f-53c1ece314ed
-4818146.5704,-2610634.3098,807,6664040,SMS CF HEITOR DOS PRAZERES - AP 31,31,11 - PENHA,"RUA IGUAPERIBA, 0",BRAS DE PINA,984404362,cfheitordosprazeres@vivario.org.br,7 às 18h,8 às 12h,A,CLINICA DA FAMILIA,2011/12/01 02:00:00+00,,6664040,88f3cdc2-e3b0-4c09-8b32-53da4da92cae
-4846127.0854,-2616872.7185,808,2270366,SMS CMS MANOEL DE ABREU - AP 52,52,18 - CAMPO GRANDE,"RUA PADRE NOE GUALBERTO, 1",SANTISSIMO,(21)34030971,ger.manoeldeabreu.cap52@iabas.org.br,7 às 18h,7 às 12h,B,CMS,1986/06/14 03:00:00+00,,2270366,5636b1b4-b00f-49e1-87bd-552f201971bf
-4806311.9249,-2626311.9447,809,7884524,SMS CAPS FRANCO BASAGLIA AP 21,21,4 - BOTAFOGO,"AV. VENCESLAU BRAS, 65",BOTAFOGO, , ,24h,24h,-,CAPS,2016/09/13 03:00:00+00,,7884524,387b6246-bbcd-42b3-9b6f-5533dcd7a324
-4828097.1199,-2626035.1892,810,214949,SMS CF LOURIVAL FRANCISCO DE OLIVEIRA AP - 40,40,16 - JACAREPAGUA,AVENIDA COMANDANTE GUARANYS 0 CIDADE DE DEUS,CIDADES DE DEUS, , , , ,A,CLINICA DA FAMILIA,2020/07/01 03:00:00+00,,214949,931c28a3-ac02-4293-9309-56f480d59d24
-4863972.3679,-2628952.2315,811,6926177,SMS UPA 24 H SEPETIBA - AP 53,53,19 - SANTA CRUZ,"RUA RAFAEL FERREIRA, S/N",SEPETIBA, ,upa.sepetiba@gmail.com,24h,24h,-,UPA,2012/01/06 02:00:00+00,,6926177,dee992b6-a1b1-43ce-9e11-581a3f94f368
-4830942.411,-2613619.0524,812,7998678,SMS CF IVANIR DE MELLO - AP 33,33,33 - REALENGO,"ESTRADA MARECHAL ALENCASTRO, S/N",VILA MILITAR,3129-3016,cfivanirdemello@gmail.com,7 às 18h,8 às 12h,A,CLINICA DA FAMILIA,2016/08/26 03:00:00+00,,7998678,3458de13-55b6-434e-a84b-58a45a5dae75
-4851805.7302,-2621299.8524,813,5154197,SMS CF DAVID CAPISTRANO FILHO - AP 52,52,18 - CAMPO GRANDE,"AVENIDA CESARIO DE MELO, S/N",INHOAIBA,(21)3384-1569,ger.dcf.cap52@iabas.org.br,7 às 18h,8 às 12h,A,CLINICA DA FAMILIA,2011/01/07 02:00:00+00,,5154197,b9895500-9955-48ab-b848-58ec86b235e1
-4826717.6289,-2625910.5243,814,4046307,SMS CMS HAMILTON LAND - AP 40,40,34 - CIDADE DE DEUS,"AV EDGARD WERNECK, 1601",CIDADE DE DEUS,(21)34123199,cmshland@rio.rj.gov.br,7 às 17h,8 às 12h,C,CMS,1979/05/20 03:00:00+00,,4046307,bf03d741-0a99-41dc-9f6d-5a1d65cdb910
-4814705.8197,-2618178.1216,815,6421482,SMS UPA 24H MANGUINHOS - AP 31,31,7 - SAO CRISTOVAO,"AV DOM HELDER CAMARA, 1390",BENFICA,2332-2405,upamanguinhos@gmail.com,24h,24h,-,UPA,2009/05/29 03:00:00+00,,6421482,e0d667b6-0ecb-4a48-8af8-5a8c569349cd
-4849380.855,-2620855.6374,816,2295407,SMS HOSPITAL MUNICIPAL ROCHA FARIA - AP 52,52,18 - CAMPO GRANDE,"AV CESARIO DE MELO, 3215",CAMPO GRANDE,(21)2333-6797,fathmrf@gmail.com,24h,24h,-,HOSPITAL,2016/02/15 02:00:00+00,,2295407,92f17187-a11b-42c0-80a5-5a90cc5d83a0
-4812814.727,-2623526.6365,817,2269376,SMS CMS HEITOR BELTRAO - AP 22,22,8 - TIJUCA,"RUA DESEMBARGADOR ISIDRO, 144",TIJUCA,22686642,cmshbeltrao@rio.rj.gov.br,7 às 17h,8 às 12h,B,CMS,1964/07/13 03:00:00+00,,2269376,70283d3b-8868-461b-acbd-5abb5fcf8564
-4814605.0714,-2617373.1586,818,5456932,FIOCRUZ/ENSP/CENTRO DE SAUDE ESCOLA GERMANO SINVAL FARIA,31,10 - RAMOS,"RUA LEOPOLDO BULHOES, 1480",MANGUINHOS,25982519, ,8 às 17h,-,A,CMS,1967/11/13 02:00:00+00,,5456932,a6d6cfb4-cc1a-424f-90b2-5b8c4a8ddd71
-4834928.919,-2616650.6705,819,7722494,SMS CF FAIM PEDRO - AP 51,51,33 - REALENGO,"RUA MARECHAL AGRICOLA, S/N",REALENGO,3462-8486,clinicaffpedro@gmail.com,7 às 18h,8 às 12h,A,CLINICA DA FAMILIA,2015/05/10 03:00:00+00,,7722494,9138f572-07f6-40ef-a08a-5b95486f0a47
-4817718.6168,-2620035.5954,820,2296306,SMS RIO HOSPITAL MUNICIPAL SALGADO FILHO,32,13 - MEIER,"ARQUIAS CORDEIRO, 370",MEIER, , ,24h,24h,-,HOSPITAL,1920/10/12 03:00:00+00,,2296306,b9983675-2d7b-4334-8b87-5cc78bea8351
-4830141.0183,-2624433.1952,821,2273381,SMS HOSPITAL MUNICIPAL JURANDYR MANFREDINI - AP 40,40,16 - JACAREPAGUA,"RUA SAMPAIO CORREIA, S/N",JACAREPAGUA,(21) 3432-2246,hmjmanfredini@pcrj.rj.gov.br,24h,24h,-,HOSPITAL,2002/03/13 03:00:00+00,,2273381,77140672-25fd-461e-901b-5d6b7b7a34c5
-4848898.6198,-2616905.8022,822,2269546,SMS CMS DR OSWALDO VILELLA - AP 52,52,18 - CAMPO GRANDE,"RUA JOMAR MENDES, S/N",CAMPO GRANDE,(21)34072840,cmsovilella@gmail.com,7 às 18h,8 às 12h,B,CMS,1987/06/26 03:00:00+00,,2269546,09fcf771-5dfa-4f8f-b19c-5dcb78671bad
-4864019.4475,-2622185.4959,823,6618855,SMS CF SERGIO AROUCA - AP 53,53,19 - SANTA CRUZ,"RUA DO IMPERIO, S/N",SANTA CRUZ,(21)33651524,cfsa.cap53@gmail.com,7 às 18h,7 às 12h,A,CLINICA DA FAMILIA,2010/08/28 03:00:00+00,,6618855,d25863be-63c5-43fe-b342-5fa7f0528eef
-4823244.5656,-2611550.3738,824,2291266,SMS RIO HOSPITAL MUNICIPAL FRANCISCO DA SILVA TELLES,33,14 - IRAJA,"UBIRAJARA, 25",IRAJA,021 3715070, ,24h,24h,-,HOSPITAL,1983/04/28 03:00:00+00,,2291266,b117807c-7c6a-4364-8095-61029bf60b21
-4828143.2536,-2613744.1367,825,6571956,SMS CF JOSUETE SANTANNA DE OLIVEIRA - AP 33,33,22 - ANCHIETA,"RUA LUIZ COUTINHO CAVALCANTI, S/N",GUADALUPE,21 30150122,cfjosuete@gmail.com,7 às 18h,8 às 12h,A,CLINICA DA FAMILIA,2011/06/10 03:00:00+00,,6571956,0ff5942b-5d42-49b0-a524-629490b769e5
-4807809.1005,-2622498.6403,826,2708426,SMS CMS ERNANI AGRICOLA - AP 10,10,23 - SANTA TERESA,"RUA CONSTANT JARDIM, 8",SANTA TERESA,(21)22247194,cmseagricola@gmail.com,7 às 17h,8 às 12h,C,CMS,1946/04/11 03:00:00+00,,2708426,8f30f2de-e936-4a9d-852e-636801e35707
-4826028.2501,-2627268.0352,827,6927319,SMS CF PADRE JOSE DE AZEVEDO TIUBA - AP 40,40,16 - JACAREPAGUA,"RUA ACAPORI, S/N",GARDENIA AZUL,(21)24262061,ger.pjat.cap40@iabas.org.br,7 às 18h,8 às 12h,A,CLINICA DA FAMILIA,2012/01/11 02:00:00+00,,6927319,e8ed97f9-9f4e-4c3c-852b-638114088ea7
-4834862.9857,-2631165.2911,828,6716598,SMS CF MAURY ALVES DE PINHO - AP 40,40,24 - BARRA DA TIJUCA,"ESTRADA DOS BANDEIRANTES, 11227",VARGEM PEQUENA,34108572,ger.map.cap40@iabas.org.br,7 às 18h,8 às 12h,A,CLINICA DA FAMILIA,2011/02/23 03:00:00+00,,6716598,d4716391-2213-488c-81ae-643f5140db68
-4806421.0104,-2626367.1264,829,7990286,SMS CMS ROCHA MAIA - AP 21,21,4 - BOTAFOGO,"RUA GENERAL SEVERIANO, 91",BOTAFOGO,(21) 2295-2295,sfrochamaiagerencia@gmail.com,8 às 17h,-,B,CMS,2016/09/13 03:00:00+00,,7990286,b7616333-ebf6-4220-99a6-648a0681586e
-4857997.5469,-2617933.6342,830,6618871,SMS CF JAMIL HADDAD - AP 53,53,19 - SANTA CRUZ,"RUA SOLDADO JOAO ROTELO, S/N",PACIENCIA,21)24103178/33541447,cfih.cap53@igmail.com,7 às 18h,7 às 12h,A,CLINICA DA FAMILIA,2010/09/05 03:00:00+00,,6618871,d23bae1f-a2cf-4823-a50c-65afc476fdff
-4831517.0716,-2626811.6795,831,2273349,SMS RIO HOSPITAL RAPHAEL DE PAULA SOUZA,40,16 - JACAREPAGUA,"ESTRADA DE CURICICA, 2000",JACAREPAGUA,21 4450279, ,8 às 17h,-,-,HOSPITAL,2002/03/13 03:00:00+00,,2273349,7778c33d-4dd5-4c5b-9dfc-66046cde4dbc
-4839384.4129,-2617053.7305,832,7041624,SMS HOSPITAL MUNICIPAL DA MULHER MARISKA RIBEIRO - AP 51,51,17 - BANGU,"PRACA 1 DE MAIO, S/N",BANGU,21 37470428,hmmr@cep28.org.br,24h,24h,-,HOSPITAL,2012/06/29 03:00:00+00,,7041624,cc876143-b506-49d2-ae18-666b93061772
-4857482.7507,-2623226.6452,833,2295237,SMS CF JOAO BATISTA CHAGAS - AP 53,53,19 - SANTA CRUZ,"RUA PITOMBEIRAS, S/N",PACIENCIA,(21)34067597,cmsjbc.cap53@gmail.com,7 às 18h,7 às 12h,A,CLINICA DA FAMILIA,2017/06/21 03:00:00+00,,2295237,21f5256d-ac3a-443e-9f2a-6683b93c1ced
-4830619.2994,-2623983.1771,834,2273187,SMS HOSPITAL MUNICIPAL ALVARO RAMOS - AP 40,40,16 - JACAREPAGUA,"RUA ADAUTO BOTELHO, S/N",JACAREPAGUA,(21)33920008,hmaramos@rio.rj.gov.br,24h,24h,-,HOSPITAL,2002/03/13 03:00:00+00,,2273187,d4f4ba3f-fcbc-4bbb-95d2-66d20e362473
-4816675.0955,-2617295.646,835,6820018,SMS CF BARBARA STARFIELD - AP 32,32,12 - INHAUMA,"RUA VOLTA GRANDE, S/N",DEL CASTILHO,(21) 3217-1251,starfield32@gmail.com,7 às 18h,8 às 12h,A,CLINICA DA FAMILIA,2011/07/28 03:00:00+00,,6820018,188be40a-03f0-4770-9fd8-66e149fe1f6f
-4824885.2037,-2617207.9856,836,5417708,SMS CF SOUZA MARQUES - AP 33,33,15 - MADUREIRA,"PRACA PATRIARCA, S/N",MADUREIRA,21 33597500,cfsouzamarques@gmail.com,7 às 18h,8 às 12h,A,CLINICA DA FAMILIA,2012/03/27 03:00:00+00,,5417708,c219ad00-83c3-4b5d-8d16-6737b175b4c0
-4824193.9206,-2628654.3613,837,6927289,SMS CF OTTO ALVES DE CARVALHO - AP 40,40,16 - JACAREPAGUA,"AVENIDA ENGENHEIRO SOUZA FILHO, 200",JACAREPAGUA,(21)34155020,ger.ottoalvesdecarvalho.cap40@iabas.org.br,7 às 18h,8 às 12h,A,CLINICA DA FAMILIA,2012/01/26 02:00:00+00,,6927289,10be4547-3d65-4bce-a90f-67461fa6f72b
-4808058.4187,-2607457.1471,838,6568491,SMS CF MARIA SEBASTIANA DE OLIVEIRA - AP 31,31,20 - ILHA DO GOVERNADOR,"AVENIDA DOS MAGISTERIOS, S/N",TAUA,(21) 2462-4720,cfmariasebastianadeoliveira@vivario.org.br,7 às 18h,8 às 12h,A,CLINICA DA FAMILIA,2011/05/18 03:00:00+00,,6568491,a134acae-37b0-4603-8c54-674d5c685d74
-4817060.738,-2616561.9391,839,6926797,SMS CMS RODOLPHO ROCCO - AP 32,32,12 - INHAUMA,"RUA LAGOA VERDE, S/N",INHAUMA,(21) 3868-4243,cfrodolphorocco@gmail.com,7 às 18h,8 às 12h,B,CMS,2012/04/02 03:00:00+00,,6926797,f1a380d2-430f-4f0f-8309-67a4c9e442e0
-4840450.2647,-2634484.8499,840,2708213,SMS CMS HARVEY RIBEIRO DE SOUZA FILHO - AP 40,40,24 - BARRA DA TIJUCA,"AVENIDA GUIOMAR NOVAES, 133",RECREIO DOS BANDEIRANTES,(21)34182547,cmshribeiro@rio.rj.gov.br,7 às 18h,8 às 12h,B,CMS,1998/05/20 03:00:00+00,,2708213,892a4547-0ad2-446f-b65f-689442e06b91
-4828034.4793,-2615679.5214,841,2269945,SMS RIO HOSPITAL MATERNIDADE ALEXANDER FLEMING,33,15 - MADUREIRA,"JORGE SHMIDT, 331",MARECHAL HERMES, , ,24h,24h,-,HOSPITAL,1956/01/15 02:00:00+00,,2269945,5e507628-5797-4bea-862d-68ed584fce83
-4836688.3975,-2616655.7921,842,2270455,SMS CMS PADRE MIGUEL - AP 51,51,17 - BANGU,"RUA SANTO EVALDO, S/N",PADRE MIGUEL,(21)3335-0532,cmspadremigueldocs@gmail.com,7 às 18h,8 às 12h,C,CMS,1981/07/15 03:00:00+00,,2270455,4a929778-db33-475a-8513-6b3ac7985de5
-4828725.6183,-2609468.8994,843,6793231,SMS CF EPITACIO SOARES REIS - AP 33,33,25 - PAVUNA,"AV CHISOSTOMO PIMENTEL DE OLIVEIRA, S/N",PAVUNA,21 24555671,epitaciosoaresreis@gmail.com,7 às 18h,8 às 12h,A,CLINICA DA FAMILIA,2011/07/05 03:00:00+00,,6793231,20709a4a-8616-401f-9efb-6ca9e20e12ef
-4810445.8793,-2622787.2038,844,6028233,SMS CF ESTACIO DE SA - AP 10,10,3 - RIO COMPRIDO,"RUA DO BISPO, 159",RIO COMPRIDO,(21) 3259-1135,gerencia.cfestaciodesa@gmail.com,7 às 18h,8 às 12h,A,CLINICA DA FAMILIA,2000/10/16 03:00:00+00,,6028233,f85838ec-bdbb-4446-86c7-6cea31c9f40f
-4816555.9612,-2615154.7907,845,6524486,SMS CF RODRIGO Y AGUILAR ROIG - AP 31,31,29 - COMPLEXO DO ALEMAO,"ESTRADA DO ITARARE, 650",COMPLEXO DO ALEMAO,(21)98498-3242,cfrodrigoroig@vivario.org.br,7 às 18h,8 às 12h,A,CLINICA DA FAMILIA,2010/04/06 03:00:00+00,,6524486,d23bba41-3f87-41ec-979e-6d27e96bb6bb
-4848919.0582,-2622154.6708,846,6029825,SMS CMS CARLOS ALBERTO NASCIMENTO - AP 52,52,18 - CAMPO GRANDE,"PRACA MAJOR VIEIRA DE MELO, 0",CAMPO GRANDE,(21)2412-4310,ger.can.cap52@.iabas.org.br,7 às 18h,8 às 12h,B,CMS,2011/06/06 03:00:00+00,,6029825,acf69f91-e5ac-49e9-83b1-6dd7325664ad
-4817668.9407,-2619947.3946,847,6694101,SMS PADI SALGADO FILHO - AP 32,32,13 - MEIER,"RU ASANTA FE, S/N",MEIER,(21)2241-7442,faturamento.padiiabas@iabas.org.br,8 às 17h,-,-,HOSPITAL,2011/02/23 03:00:00+00,,6694101,ca510fb8-0fd7-40ef-a2b8-6ddd3d5a3cd5
-4860252.4373,-2630148.9413,848,6648371,SMS CF HANS JURGEN FERNANDO DOHMANN - AP 52,52,26 - GUARATIBA,"ESTRADA DO PIAI, S/N",GUARATIBA,(21)24176014,ger.hjfd.cap52@iabas.org.br,7 às 18h,8 às 12h,A,CLINICA DA FAMILIA,2010/10/24 02:00:00+00,,6648371,1af4b3d1-362f-43aa-afc8-6e782ba77ccf
-4814615.7918,-2618336.1749,849,9029354,SMS CAPS CARLOS AUGUSTO DA SILVA - MAGAL - AP 31,31,28 - JACAREZINHO,"AVENIDA DOM HELDER CAMARA, 1184",JACAREZINHO, ,capscarlosmagal@gmail.com,8 às 17h,-,-,CAPS,2016/08/01 03:00:00+00,,9029354,7ddc1f70-2b7b-411b-a9cb-6ee6d7598c53
-4813458.522,-2616732.8172,850,5476844,SMS CMS VILA DO JOAO - AP 31,31,30 - COMPLEXO DA MARE,"RUA 17, S/N",MARE,(21)31090006,usfviladojoao@vivario.org.br,7 às 18h,8 às 12h,B,CMS,2007/08/22 03:00:00+00,,5476844,c9a6ba18-9984-487c-aacb-6f8c69e4847b
-4814525.6559,-2612894.1446,851,2296551,SMS CMS AMERICO VELOSO - AP 31,31,30 - COMPLEXO DA MARE,"RUA GERSON FERREIRA, 100",MARE,25733643/989076113,cmsamericoveloso@vivario.org.br,7 às 18h,8 às 12h,B,CMS,1970/12/10 02:00:00+00,,2296551,d8e167b9-4c6d-436e-a894-6fce80eca0bb
-4830756.7899,-2627865.0174,852,7995520,SMS CF MAICON SIQUEIRA - AP 40,40,16 - JACAREPAGUA,"AVENIDA SALVADOR ALLENDE, S/N",JACAREPAGUA, ,ger.cfms@iabas.org.br,7 às 18h,8 às 12h,A,CLINICA DA FAMILIA,2016/09/01 03:00:00+00,,7995520,378f5fa3-8846-464c-aff4-7048211f944a
-4828065.9371,-2615069.4369,853,7108265,SMS CF DANTE ROMANO JUNIOR - AP 33,33,15 - MADUREIRA,"RUA CAROLINA MACHADO, S/N",MARECHAL HERMES,21 24896838,cfdanteromanojunior@gmail.com,7 às 18h,8 às 12h,A,CLINICA DA FAMILIA,2012/09/01 03:00:00+00,,7108265,d82ffce8-c744-406a-bbff-70e3f739d9f7
-4821081.3949,-2617376.7208,854,9045023,SMS CF OLGA PEREIRA PACHECO - AP 32,32,13 - MEIER,"RUA ANA QUINTAO, 348",PIEDADE,3795-5471,cfolgapacheco@gmail.com,7 às 18h,8 às 12h,A,CLINICA DA FAMILIA,2016/09/01 03:00:00+00,,9045023,5cf62356-5e64-4515-83b5-71b63eb55a82
-4811537.3967,-2629298.659,855,6694330,SMS PADI MIGUEL COUTO - AP 21,21,6 - LAGOA,"RUA MARIO RIBEIRO, 80",LAGOA,(21) 2540-5299,faturamento.padiiabas@iabas.org.br,8 às 17h,-,-,HOSPITAL,2011/02/11 02:00:00+00,,6694330,c80984da-21e7-4c29-95e2-71b93d42d9bb
-4819746.6276,-2618491.3977,856,7986505,SMS CF LUIZ CELIO PEREIRA - AP 32,32,13 - MEIER,"RUA DA ABOLICAO, 303",ABOLICAO,3795-3975,cflcpcap32@gmail.com,7 às 18h,8 às 12h,A,CLINICA DA FAMILIA,2016/06/01 03:00:00+00,,7986505,b3e33866-357e-44c4-aaf4-721a9cfbb65e
-4825980.9577,-2625152.6526,857,9127100,SMS CF JOSE NEVES - AP 40,40,16 - JACAREPAGUA,RUA QUINTANILHA SN,JACAREPAGUA,35238466,ger.cfjn.cap40@iabas.org.br,7 às 17h,8 às 12h,A,CLINICA DA FAMILIA,2018/08/06 03:00:00+00,,9127100,7c1cc32c-5795-4dab-b466-725c42b9ab15
-4826370.4004,-2612673.4251,858,9057722,SMS CF ADERSON FERNANDES - AP 33,33,15 - MADUREIRA,"RUA URURAI, S/N",HONORIO GURGEL,33613432,cfadersonfernandes@gmail.com,7 às 18h,-,A,CLINICA DA FAMILIA,2016/09/18 03:00:00+00,,9057722,bbebb4c3-3d05-41ce-8952-7296d5c1b4bc
-4810209.7612,-2608434.153,859,7166494,SMS HOSPITAL MUNICIPAL EVANDRO FREIRE - AP 31,31,20 - ILHA DO GOVERNADOR,"ESTRADA DO GALEAO, 2920",PORTUGUESA ILHA DO GOVERNADOR,21 38122400,kamila.conde@cejam.org.br,24h,24h,-,HOSPITAL,2013/02/07 02:00:00+00,,7166494,59d43f83-1830-4cfd-9800-72e52e67401a
-4809991.7252,-2622937.6512,860,2269953,SMS CMS SALLES NETTO - AP 10,10,3 - RIO COMPRIDO,"PRACA CONDESSA PAULO DE FRONTIN, 52",RIO COMPRIDO,32510686,hmsnetto@rio.rj.gov.br,7 às 18h,8 às 12h,B,CMS,2014/04/23 03:00:00+00,,2269953,fee39329-cc75-45ff-aa43-73a70130e398
-4835950.2444,-2615834.7219,861,9654151,SMS COORD DE EMERGENCIA REGIONAL CER REALENGO - AP 51,51,33 - REALENGO,"RUA NILOPOLIS, 329",REALENGO, , ,0 às 23h,0 às 23h,-,CER,2018/09/01 03:00:00+00,,9654151,875f9502-a6fe-4156-ae0f-73d0fd386fc3
-4849497.1506,-2618794.0398,862,6185045,SMS CAPSI JOAO DE BARRO - AP 52,52,18 - CAMPO GRANDE,"ESTRADA DO CAMPINHO, S/N",CAMPO GRANDE,3394-2668,capsijb@rio.rj.gov.br,8 às 17h,-,-,CAPS,2008/11/06 02:00:00+00,,6185045,0648e7fa-670e-4882-97a6-750fc2ebe3ab
-4825457.5074,-2620207.683,863,2708175,SMS POLICLINICA NEWTON BETHLEM - AP 40,40,16 - JACAREPAGUA,"RUA BARAO, 259",JACAREPAGUA,21 38337052,pnbethlem@rio.rj.gov.br,7 às 18h,8 às 12h,-,POLICLINICA,1969/08/28 03:00:00+00,,2708175,ec33b305-a5a7-4d77-88b0-77300cbe70b1
-4854174.864,-2618888.5466,864,2269562,SMS CMS MARIO RODRIGUES CID - AP 52,52,18 - CAMPO GRANDE,"RUA MATUREIA, S/N",COSMOS,(21)34024261,ger.mrc.cap52@iabas.org.br,7 às 18h,7 às 12h,B,CMS,1981/08/26 03:00:00+00,,2269562,fed401dc-7a50-48c8-831a-781718950960
-4827332.8006,-2630977.7425,865,7873565,SMS CF JOSE DE SOUZA HERDY - AP 40,40,24 - BARRA DA TIJUCA,"AVENIDA AYRTON SENNA, 2200",BARRA DA TIJUCA,35238635,ger.cfjsh.cap40@iabas.org.br,7 às 18h,8 às 12h,A,CLINICA DA FAMILIA,2016/05/25 03:00:00+00,,7873565,a417d2f7-4206-47cf-9253-7869221dd1c7
-4852983.3087,-2619827.9921,866,3567532,SMS CAPS PROFETA GENTILEZA - AP 52,52,18 - CAMPO GRANDE,"ESTRADA DE INHOAIBA, 849",INHOAIBA,34026835,capsgentileza@rio.rj.gov.br,8 às 17h,-,-,CAPS,2003/07/23 03:00:00+00,,3567532,89581d05-3a48-44e5-9ff6-79dcef57086e
-4819155.7213,-2615718.1108,867,6914152,SMS CF BIBI VOGEL - AP 32,32,12 - INHAUMA,"ESTRADA ADHEMAR BEBIANO, 3686",ENGENHO DA RAINHA,(21) 3251-7428,cfbibivogel@gmail.com,7 às 18h,8 às 12h,A,CLINICA DA FAMILIA,2011/11/29 02:00:00+00,,6914152,e2e7fd91-db30-4352-bc18-7a0e576c51d4
-4819025.1933,-2612419.5902,868,5179726,SMS CF ALOYSIO AUGUSTO NOVIS - AP 31,31,11 - PENHA,"AVENIDA BRAS DE PINA, 651",PENHA CIRCULAR,8440-4562,cfaloysionovis@vivario.org.br,7 às 18h,8 às 12h,A,CLINICA DA FAMILIA,2011/10/26 02:00:00+00,,5179726,b32eddb7-ebe5-4487-8c9b-7af20cb0e0fd
-4821375.6201,-2618860.5831,869,5423430,SMS CAPSI MARIA CLARA MACHADO - AP 32,32,13 - MEIER,"RUA GOMES SERPA, 49",PIEDADE,31117509,capsimariaclara@rio.rj.gov.br,8 às 17h,-,-,CAPS,2007/05/07 03:00:00+00,,5423430,e500a4ad-be77-43c1-b3d1-7b1c37bca724
-4851123.6291,-2616606.7435,870,9061398,SMS CF MEDALHISTA OLIMPICO BRUNO SCHMIDT - AP 52,52,18 - CAMPO GRANDE,"RUA MANOEL JULIAO DE MEDEIROS, S/N",CAMPO GRANDE,(21)35238505,ger.cfmobs.cap52@iabas.org.br,7 às 18h,8 às 12h,A,CLINICA DA FAMILIA,2016/09/17 03:00:00+00,,9061398,e1e2edd6-be59-44a0-8450-7bcc9d703456
-4814035.6576,-2630316.9711,871,2270072,SMS CMS DR ALBERT SABIN - AP 21,21,27 - ROCINHA,"ESTRADA DA GAVEA, 250",ROCINHA,(21) 3204-6088,sfalbertsabin@vivario.org.br,7 às 17h,8 às 12h,B,CMS,2011/01/20 02:00:00+00,,2270072,bc8254f1-c67e-4955-858c-7cf0cf4a2368
-4820201.5052,-2620364.4198,872,6631169,SMS UPA 24 H ENGENHO DE DENTRO - AP 32,32,13 - MEIER,"RUA BERNARDO, S/N",ENGENHO DE DENTRO,25920-502,dp.upaengenhodedentro@cvbsaude.org,24h,24h,-,UPA,2010/10/15 03:00:00+00,,6631169,04cf7730-a02a-44d0-a5d8-7ddffd5ff570
-4813415.3591,-2621777.2019,873,7638086,SMS CF PEDRO ERNESTO - AP 22,22,9 - VILA ISABEL,"RUA VINTE E OITO DE SETEMBRO, 109",VILA ISABEL,25685515,gerencia.cfpedroernesto@gmail.com,7 às 17h,-,A,CLINICA DA FAMILIA,2014/11/24 02:00:00+00,,7638086,89944174-f447-4056-975a-7e6cd0413a71
-4859726.9848,-2623737.7456,874,6671020,SMS CF EDSON ABDALLA SAAD - AP 53,53,19 - SANTA CRUZ,"AVENIDA CESARIO DE MELO, 25",SANTA CRUZ,(21)33655365,cfeas.cap53@gmail.com,7 às 18h,-,A,CLINICA DA FAMILIA,2010/12/05 02:00:00+00,,6671020,99d7fd47-48c4-4d63-a5f1-7feb9694c1c6
-4825113.9111,-2617770.7965,875,6661904,SMS UPA 24H MADUREIRA - AP 33,33,15 - MADUREIRA,"PRACA DOS LAVRADORES, S/N",MADUREIRA,33582994, ,24h,24h,-,UPA,2010/09/23 03:00:00+00,,6661904,cbd1fc3b-47c9-4509-b720-8035c76be0f6
-4858933.1135,-2629071.8471,876,3567567,SMS CF ALKINDAR SOARES PEREIRA FILHO - AP 52,52,26 - GUARATIBA,"ESTRADA DA PEDRA, S/N",GUARATIBA,(21)34018794,ger.aspf.cap52@iabas.org.br,7 às 18h,8 às 12h,A,CLINICA DA FAMILIA,2011/02/18 02:00:00+00,,3567567,84d3bac0-f513-4f40-8e64-80440ef2131b
-4815517.8254,-2623530.7295,877,9067078,SMS CF ODALEA FIRMO DUTRA - AP 22,22,9 - VILA ISABEL,"RUA BOTUCATU, 633",GRAJAU,21468722,gerencia.cf.odaleafirmodutra@gmail.com,7 às 18h,-,A,CLINICA DA FAMILIA,2018/02/20 03:00:00+00,,9067078,88b10d4e-65dd-48c2-938d-80d0a50ee5e0
-4839831.6514,-2630398.8996,878,2270013,SMS CMS CECILIA DONNANGELO - AP 40,40,24 - BARRA DA TIJUCA,"ESTRADA DOS BANDEIRANTES, 21136",VARGEM PEQUENA,(21)33250300,pscdonnangelo@rio.rj.gov.br,7 às 18h,8 às 12h,C,CMS,1948/06/16 03:00:00+00,,2270013,73a2db91-13c8-49b1-bcca-80fd3c190790
-4816925.143,-2612940.3752,879,5240832,SMS CAPS FERNANDO DINIZ - AP 31,31,11 - PENHA,"RUA LEOPOLDINA REGO, 754",OLARIA,21-3867-1319,capsfdiniz@gmail.com,8 às 17h,-,-,CAPS,2007/01/25 02:00:00+00,,5240832,37b85f9d-3dbb-4c33-9312-82e83af16b3e
-4828697.6652,-2612919.1023,880,7021771,SMS CF RAIMUNDO ALVES NASCIMENTO - AP 33,33,22 - ANCHIETA,"RUA MARCOS DE MACEDO, S/N",GUADALUPE,21 31070882,cfraimundoalvesnascimento@gmail.com,7 às 18h,8 às 12h,A,CLINICA DA FAMILIA,2012/07/04 03:00:00+00,,7021771,be83375a-68ef-4f45-bc20-8379864c0253
-4827413.798,-2631384.5609,881,7063679,SMS PADI LOURENCO JORGE - AP 40,40,24 - BARRA DA TIJUCA,"AV AYRTON SENNA, 2000",BARRA DA TIJUCA,(21)2507-1290,faturamento.padiiabas@iabas.org.br,7 às 19h,-,-,HOSPITAL,2012/08/01 03:00:00+00,,7063679,2f70521c-46e2-42b8-a62f-838f2eb02bbd
-4814698.8239,-2618209.612,882,6514022,SMS CF VICTOR VALLA - AP 31,31,28 - JACAREZINHO,"AVENIDA DOM HELDER CAMARA, 1390",JACAREZINHO,(21)25811063,csfvictorvalla@gmail.com,7 às 18h,7 às 12h,A,CLINICA DA FAMILIA,2010/04/13 03:00:00+00,,6514022,617f42d4-7397-40f8-b051-861348c484a3
-4822345.1217,-2612649.1662,883,3403238,SMS CAPS RUBENS CORREA - AP 33,33,14 - IRAJA,"RUA CAPITAO ALIATAR MARTINS, 231",IRAJA,021 38333340,capsrubenscorrea@rio.rj.gov.br,8 às 18h,-,-,CAPS,1996/07/30 03:00:00+00,,3403238,00c598cb-07f7-40f1-8660-880fcf86d37e
-4844447.0977,-2622712.2575,884,2269511,SMS CMS GARFIELD DE ALMEIDA - AP 52,52,18 - CAMPO GRANDE,"RUA GENERAL PAULO DE OLIVEIRA, 226",CAMPO GRANDE,(21) 33940860,psgalmeida@rio.rj.gov.br,7 às 17h,8 às 12h,C,CMS,1982/02/16 03:00:00+00,,2269511,fb7fb6f7-1eb1-467a-8801-8a4bb32ce26b
-4823572.7187,-2612126.6834,885,2269309,SMS CMS CARLOS CRUZ LIMA - AP 33,33,14 - IRAJA,"ESTRADA DO COLEGIO, 983",COLEGIO,21 24733707,cmsprofcarloscruzlima@gmail.com,7 às 18h,-,B,CMS,2005/06/29 03:00:00+00,,2269309,e8ccdf41-77ab-4c05-8fd0-8a87f6645d86
-4817252.8729,-2621498.6967,886,2280744,SMS CMS CARLOS GENTILLE DE MELLO - AP 32,32,13 - MEIER,"RUA BICUIBA, 181",ENGENHO NOVO,21-20881019,psfcgm@gmail.com,7 às 18h,8 às 12h,C,CMS,1984/06/23 03:00:00+00,,2280744,4dded70c-f810-43b3-8e0e-8ac440a9cd4c
-4816204.995,-2614447.9539,887,9107835,SMS CF VALTER FELISBINO DE SOUZA - AP 31,31,10 - RAMOS,"RUA DIOMEDES TROTA, 259",RAMOS,(21) 2260-2972,rhvalterfelisbinodesouza@vivario.org.br,7 às 18h,8 às 12h,A,CLINICA DA FAMILIA,2016/11/25 02:00:00+00,,9107835,997d61d7-9604-40f9-8db6-8bc28e83ae26
-4820794.8063,-2615527.8708,888,6681379,SMS CF HERBERT JOSE DE SOUZA - AP 32,32,12 - INHAUMA,"AVENIDA PASTOR MARTIN LUTHER KING JUNIOR, 4776",TOMAS COELHO,(21) 3352-4528,csfhjs.rj@gmail.com,7 às 18h,8 às 12h,A,CLINICA DA FAMILIA,2011/01/11 02:00:00+00,,6681379,d8590912-4bf4-4a32-ba94-8bfefa52c315
-4816762.2656,-2612892.2543,889,9391983,SMS CMS JOSE PARANHOS FONTENELLE - AP 31,31,11 - PENHA,"RUA LEOPOLDINA REGO, 700",PENHA,(21)3111-6925,cmsjpf@gmail.com,7 às 18h,8 às 12h,B,CMS,2018/01/24 02:00:00+00,,9391983,38a4f889-3fbb-4ae5-ad43-8c92c0624759
-4816751.5212,-2612871.7296,890,2296527,SMS POLICLINICA JOSE PARANHOS FONTENELLE - AP 31,31,11 - PENHA,"RUA LEOPOLDINA REGO, 700",PENHA,(21)31116925,pfontenelle@rio.rj.gov.br,7 às 18h,8 às 12h,-,POLICLINICA,1941/09/13 03:00:00+00,,2296527,53a7eab7-93ad-41c5-b810-8d4845d5222c
-4806476.6118,-2621026.8088,891,2280299,SMS POLICLINICA ANTONIO RIBEIRO NETTO - AP 10,10,2 - CENTRO,"AV TREZE DE MAIO, 23",CENTRO,(21)22206286,pamarneto@rio.rj.gov.br,7 às 19h,-,-,POLICLINICA,1999/11/10 02:00:00+00,,2280299,c67996cb-b21a-401f-9588-908e49c39129
-4838072.5995,-2630793.6227,892,5465877,SMS CMS NOVO PALMARES - AP 40,40,24 - BARRA DA TIJUCA,"RUA JACARANDA, 16",VARGEM PEQUENA,(21)24426735,ger.novopalmares.cap40@iabas.org.br,7 às 17h,-,B,CMS,2006/07/15 03:00:00+00,,5465877,b7fd777c-0a60-444f-a95a-90992db5fa64
-4813633.8035,-2620414.2081,893,5598435,SMS CMS TIA ALICE - AP 32,32,13 - MEIER,"R SANTOS MELLO, 73",SAO FRANCISCO XAVIER,(21) 2218-2795,psfm.rj@gmail.com,7 às 18h,8 às 12h,B,CMS,2011/04/15 03:00:00+00,,5598435,a2108ebe-27f0-449e-92e3-914733664195
-4863372.5611,-2622273.813,894,2280191,SMS POLICLINICA LINCOLN DE FREITAS FILHO - AP 53,53,19 - SANTA CRUZ,"RUA ALVARO ALBERTO, 601",SANTA CRUZ,(21)33954129,plff.cap53@gmail.com,7 às 18h,7 às 12h,-,POLICLINICA,1948/06/16 03:00:00+00,,2280191,726d020d-1b24-4c34-9fd4-91a612de3255
-4813454.8183,-2614515.9263,895,9442251,SMS CF JEREMIAS MORAES DA SILVA - AP 31,31,30 - COMPLEXO DA MARE,"RUA TEIXEIRA RIBEIRO, S/N",MARE,99652-5686,cfjeremiasmoraes@vivario.org.br,7 às 17h,8 às 12h,A,CLINICA DA FAMILIA,2018/03/02 03:00:00+00,,9442251,f67efa24-988a-463a-b546-93437034f69a
-4821446.4094,-2630978.5441,896,6784720,SMS CMS ITANHANGA - AP 40,40,24 - BARRA DA TIJUCA,"ESTRADA DO ITANHANGA, 270",ITANHANGA,(21)31394904,ger.itanhanga.cap40@iabas.org.br,7 às 17h,-,B,CMS,2011/05/01 03:00:00+00,,6784720,fe3a533e-83fc-4205-b850-93fee5f8d269
-4825455.2788,-2610933.3114,897,5717256,SMS HOSPITAL MUNICIPAL RONALDO GAZOLLA - AP 33,33,25 - PAVUNA,"AV PASTOR MARTIN LUTHER KING, 10976",ACARI,24719557,hospitalronaldogazolla.riosaude@gmail.com,24h,24h,-,HOSPITAL,2008/04/03 03:00:00+00,,5717256,68ff4c46-386c-48b6-9ae4-946bbee13fbe
-4818974.3278,-2609903.0204,898,2269902,SMS CMS JOSE BREVES DOS SANTOS - AP 31,31,31 - VIGARIO GERAL,"RUA MAR GRANDE, 10",CORDOVIL,995485322,psjosebreves@vivario.org.br,7 às 18h,8 às 12h,B,CMS,1979/02/26 03:00:00+00,,2269902,fb389eba-ddec-4a55-a3c9-94ddee06e668
-4798765.8382,-2603293.1647,899,2277301,SMS CMS MANOEL ARTHUR VILLABOIM - AP 10,10,21-  PAQUETA,"PRACA BOM JESUS, 40",PAQUETA,(21)33970123,crisneves007@gmail.com,24h,24h,B,CMS,2001/03/21 03:00:00+00,,2277301,76d91a17-27a5-4120-b237-94e7c6327793
-4858298.1212,-2622092.4285,900,6572014,SMS CF LOURENCO DE MELLO - AP 53,53,19 - SANTA CRUZ,"RUA CORONEL TITO PORTO CARRERO, S/N",PACIENCIA,(21)34277068,cflm.cap53@gmail.com,7 às 18h,7 às 12h,A,CLINICA DA FAMILIA,2010/07/18 03:00:00+00,,6572014,6ca30296-82e7-4de1-9363-94f2e6449821
-4812547.0139,-2620931.7143,901,2277271,SMS INST DE MEDICINA VETERINARIA JORGE VAITSMAN - AP10,10,7 - SAO CRISTOVAO,"AV. BARTOLOMEU DE GUSMAO, 1120",SAO CRISTOVAO,(21) 3872-6080, ,8 às 17h,8 às 11h,-,CENTRO DE REFERENCIA,2002/03/21 03:00:00+00,,2277271,79b7646d-f3f2-4287-9040-95f1083d6659
-4811889.5402,-2619342.9332,902,2270714,SMS RIO HOSPITAL MATERNIDADE FERNANDO MAGALHAES,10,7 - SAO CRISTOVAO,"GENERAL JOSE CRISTINO, 87",SAO CRISTOVAO, , ,24h,24h,-,HOSPITAL,1955/02/18 03:00:00+00,,2270714,ba210738-bf8e-4220-a8fa-9601019c1347
-4856333.085,-2622827.8243,903,2273586,SMS CMS EMYDIO CABRAL - AP 53,53,19 - SANTA CRUZ,"RUA IEDA SANTOS DELGADO, 3",PACIENCIA,(21)33145159,cmsec.cap53@gmail.com,7 às 18h,7 às 12h,B,CMS,1988/09/19 03:00:00+00,,2273586,69b2d7ad-f6ed-43b0-9717-9689dfea224f
-4865128.2826,-2620762.0158,904,6598544,SMS UPA 24 H JOAO XXIII - AP 53,53,19 - SANTA CRUZ,"AV. JOAO XXIII, S/N",SANTA CRUZ,24165719/31575411,flavia.pereirarj@spdm-pais.org.br,24h,24h,-,UPA,2010/08/01 03:00:00+00,,6598544,38443102-3b5a-49ff-888f-973d859bc251
-4826800.7456,-2622324.6977,905,2296543,SMS CMS JORGE SALDANHA BANDEIRA DE MELLO - AP40,40,16 - JACAREPAGUA,"AVENIDA GEREMARIO DANTAS, 135",TANQUE,21 3392-0050,cmsjsbmello@rio.rj.gov.br,7 às 18h,8 às 12h,C,CMS,1969/08/28 03:00:00+00,,2296543,ec604fd1-735b-4d37-8dde-97e5c93029cb
-4817145.2156,-2613980.7646,906,9075143,SMS CF KLEBEL DE OLIVEIRA ROCHA - AP 31,31,10 - RAMOS,"PRACA CLOMIR TELES CERBINO, S/N",OLARIA, ,cfklebeldeoliveirarocha@vivario.org.br,7 às 18h,7 às 12h,A,CLINICA DA FAMILIA,2016/11/26 02:00:00+00,,9075143,2f6de65c-1839-4344-8a9b-983c7fdb6c4e
-4841031.1014,-2615102.6218,907,7874162,SMS CF WILSON MELLO SANTOS ( ZICO) - AP51,51,17 - BANGU,"ESTRADA SARGENTO MIGUEL FILHO, S/N",VILA KENNEDY,2405-2099,ger.cfwms.cap51@iabas.org.br,8 às 17h,8 às 12h,A,CLINICA DA FAMILIA,2015/12/09 02:00:00+00,,7874162,9a16e533-5a62-4e85-81cd-98498ce38a24
-4824353.3086,-2610954.0739,908,5044685,SMS CF ENFERMEIRA EDMA VALADAO - AP 33,33,25 - PAVUNA,"AV. BRASIL, 18.476",ACARI,21 33621064,psfedma@yahoo.com.br,7 às 18h,8 às 12h,A,CLINICA DA FAMILIA,2016/11/10 02:00:00+00,,5044685,b6d6a94a-43b2-487b-a31e-999c38c70cab
-4863277.2904,-2621483.4705,909,6995462,SMS HOSPITAL MUNICIPAL PEDRO II - AP 53,53,19 - SANTA CRUZ,"RUA DO PRADO, 325",SANTA CRUZ,3365 5201,cnes.hmp2@spdm-pais.org.br,24h,24h,-,HOSPITAL,2012/06/07 03:00:00+00,,6995462,e534efc9-8f98-480d-a6e6-99f9978e6281
-4807999.1022,-2620908.6197,910,6716911,SMS COORD DE EMERGENCIA REGIONAL CER CENTRO - AP 10,10,2 - CENTRO,"RUA FREI CANECA, S/N",CENTRO,21-25071311,cercentro.faturamento@gmail.com,24h,24h,-,CER,2012/05/01 03:00:00+00,,6716911,cbf6e061-a855-4ead-945d-9a13d5b5b0cc
-4820349.8123,-2611288.5616,911,9016805,SMS CF NILDA CAMPOS DE LIMA - AP 31,31,31 - VIGARIO GERAL,"RUA OLIVEIRA MELO, S/N",CORDOVIL,21 2485-1960,cfnildacamposdelima@vivario.org.br,7 às 18h,8 às 12h,A,CLINICA DA FAMILIA,2016/07/21 03:00:00+00,,9016805,7c97bc39-8b55-4856-8818-9cbf32f95365
-4811504.1653,-2617019.3499,912,2277298,SMS CMS FERNANDO A BRAGA LOPES CAJU - AP 10,10,1 - PORTUARIA,"RUA CARLOS SEIDL, 785",CAJU,(21) 3890-4323,cajupsf@gmail.com,7 às 18h,-,B,CMS,2007/11/29 02:00:00+00,,2277298,2ad1a2a2-8e15-4767-91ae-9cd71c22069b
-4827024.6076,-2612824.9604,913,7892802,SMS CF ADOLFO FERREIRA DE CARVALHO - AP 33,33,25 - PAVUNA,"ESTRADA JOAO PAULO, 1007",BARROS FILHO,3106-8864,cfadolfofcarvalho@gmail.com,7 às 18h,8 às 12h,A,CLINICA DA FAMILIA,2016/01/23 02:00:00+00,,7892802,02c65ec4-aa7e-4a23-a1ce-9ebe8cdf090b
-4825477.1553,-2610942.2393,914,6029965,SMS CF MARCOS VALADAO - AP 33,33,25 - PAVUNA,"AV. PASTOR MARTIN LUTHER KING JR, 10976",ACARI,21 33732253,clinicadafamiliamarcosvaladao@gmail.com,7 às 18h,8 às 12h,A,CLINICA DA FAMILIA,2011/07/15 03:00:00+00,,6029965,b0e56d51-216b-4391-a43b-9fb4f6d9aa29
-4818292.2025,-2618961.8847,915,5874408,SMS CAPS TORQUATO NETO - AP 32,32,13 - MEIER,"RUA HONORIO, 461",INHAUMA,(21) 20881110,cap_torquatoneto@smsdc.rio.rj.gov.br,8 às 17h,-,-,CAPS,2008/06/12 03:00:00+00,,5874408,db6756c4-8a18-4b8c-bc1e-a0220a271be7
-4806637.4197,-2623079.925,916,2708434,SMS CMS MANOEL JOSE FERREIRA - AP 21,21,4 - BOTAFOGO,"RUA SILVEIRA MARTINS, 161",CATETE,(21) 2225-7505,cmsmanoeljoseferreira@vivario.org.br,8 às 18h,8 às 12h,B,CMS,1956/06/13 03:00:00+00,,2708434,f7f88db8-98c0-4304-ae3e-a1bf784f5361
-4814179.1811,-2619282.3728,917,7052049,SMS CF CARIOCA - AP 32,32,13 - MEIER,"RUA BERGAMO, 320",ROCHA,(21) 2501-6577,bairrocarioca32@gmail.com,7 às 18h,8 às 12h,A,CLINICA DA FAMILIA,2012/07/06 03:00:00+00,,7052049,1549224f-5c03-487b-bb38-a22d64d674e7
-4808324.8225,-2622252.2723,918,6873960,SMS CF SERGIO VIEIRA DE MELLO - AP 10,10,3 - RIO COMPRIDO,"AVENIDA TRINTA E UM DE MARCO, S/N",CATUMBI,(21) 2502-8666,tais.silvarj@spdm-pais.org.br,7 às 18h,8 às 12h,A,CLINICA DA FAMILIA,2011/10/24 02:00:00+00,,6873960,65567742-acbb-4fd2-b3b1-a2a4571b736d
-4817044.2141,-2616638.5519,919,9090010,SMS CAPS III OSWALDO DOS SANTOS - AP 32,32,12 - INHAUMA,"RUA LAGOA CLARA, S/N",INHAUMA,21-20881110,capsoswaldosantos@gmail.com,8 às 19h,8 às 19h,-,CAPS,2016/10/24 02:00:00+00,,9090010,43cbb9f6-a66a-44be-ad6b-a54eb761fbf8
-4840394.0039,-2618404.8522,920,6852203,SMS CF KELLY CRISTINA DE SA LACERDA SILVA - AP 51,51,17 - BANGU,"AVENIDA CARLOS SAMPAIO CORREA, S/N",SENADOR CAMARA,3463-0644,admkellycristina@gmail.com,7 às 18h,8 às 12h,A,CLINICA DA FAMILIA,2011/09/08 03:00:00+00,,6852203,7ac609e3-7ae4-437c-83b6-a55203202dd6
-4822521.5782,-2608756.5528,921,2296535,SMS CMS NAGIB JORGE FARAH - AP 31,31,31 - VIGARIO GERAL,"PRACA SOLDADO MICHEL CHEIB, S/N",JARDIM AMERICA,33577006,cmsnagib@vivario.org.br,7 às 18h,8 às 12h,B,CMS,1988/01/09 02:00:00+00,,2296535,2cd0c956-cd15-42db-b6b0-a553a6240f93
-4838561.4568,-2613569.8859,922,2270463,SMS CMS ATHAYDE JOSE DA FONSECA - AP 51,51,17 - BANGU,"AV DEZENOVE DE ABRIL RUA ROQUE BARBOSA, S/N",JARDIM BANGU,3336-1964,athaydedafonseca@yahoo.com.br,7 às 18h,8 às 12h,C,CMS,1998/10/09 03:00:00+00,,2270463,2659697a-519b-431c-a40b-a78468ddb82a
-4823217.9132,-2618112.5305,923,2708205,SMS CMS MARIO OLINTO DE OLIVEIRA - AP 33,33,15 - MADUREIRA,"RUA FERRAZ, 2",CASCADURA,21 32720011,psmooliveira@rio.rj.gov.br,7 às 18h,8 às 12h,C,CMS,1996/10/24 03:00:00+00,,2708205,eb329131-5edf-46dc-a870-a7aab0aa4b1c
-4840640.4179,-2616085.979,924,2270579,SMS CMS DR EITHEL PINHEIRO DE OLIVEIRA LIMA - AP 51,51,17 - BANGU,"ESTRADA DO TAQUARAL, S/N",SENADOR CAMARA,3332-9207,cmsepolima@gmail.com,8 às 17h,-,C,CMS,1987/09/12 03:00:00+00,,2270579,5f07cf28-0549-41df-9495-a7e2ab7f0eef
-4814796.5948,-2630722.0887,925,6551556,SMS CAPS MARIA DO SOCORRO SANTOS - AP 21,21,27 - ROCINHA,"ESTRADA DA GAVEA, 522",ROCINHA,3322-6368/ 972915772,capsmariadosocorro@vivario.org.br,24h,24h,-,CAPS,2010/03/08 03:00:00+00,,6551556,43cd0dc2-fc9f-4327-b61c-a877411a6690
-4863294.2751,-2621479.5071,926,7110324,SMS PADI PEDRO II - AP 53,53,19 - SANTA CRUZ,"RUA DO PRADO, 325",SANTA CRUZ,(21)3523-8537,faturamento.padiiabas@iabas.org.br,7 às 19h,-,-,HOSPITAL,2012/09/25 03:00:00+00,,7110324,31724311-7430-4b46-9252-aa3eabb4e87c
-4830188.2394,-2624483.421,927,9051538,SMS CAPS III MANOEL DE BARROS - AP 40,40,16 - JACAREPAGUA,"RUA NOSSA SENHORA DOS REMEDIOS, S/N",TAQUARA,34322246,capsmdb@gmail.com,8 às 18h,-,-,CAPS,2016/08/29 03:00:00+00,,9051538,2e3564f0-65df-4242-9591-ab2c96b22989
-4827529.6054,-2609974.0485,928,5315050,SMS CMS PORTUS E QUITANDA - AP 33,33,25 - PAVUNA,"RUA JORGE NOGUEIRA, S/N",PAVUNA,21 38356123,cmsportusquitanda@vivario.org.br,7 às 18h,-,B,CMS,2007/02/26 03:00:00+00,,5315050,1d85b13d-5d70-48fd-92c8-ab6f51f00eb8
-4807487.1696,-2626208.3886,929,2269651,SMS CMS DOM HELDER CAMARA - AP 21,21,4 - BOTAFOGO,"RUA VOLUNTARIOS DA PATRIA, 136",BOTAFOGO,(21) 2535-5090,pamdhcamara@rio.rj.gov.br,8 às 18h,8 às 12h,B,CMS,1975/01/02 02:00:00+00,,2269651,c311874f-f589-4c10-90c7-ac864c5c3ac4
-4811629.1099,-2629321.1221,930,2270269,SMS HOSPITAL MUNICIPAL MIGUEL COUTO - AP 21,21,6 - LAGOA,"RUA MARIO RIBEIRO, 117",GAVEA,3111-1400,hmmiguelcouto@gmail.com,24h,24h,-,HOSPITAL,1936/10/25 03:00:00+00,,2270269,30d88d63-69b3-4f2c-95b6-ac926e738666
-4810455.3183,-2621672.913,931,2269368,SMS POLICLINICA HELIO PELLEGRINO - AP 22,22,8 - TIJUCA,"RUA DO MATOSO, 96",PRACA DA BANDEIRA,20886020,pamhpellegrino@rio.rj.gov.br,7 às 19h,-,-,POLICLINICA,1931/01/10 02:00:00+00,,2269368,10550911-7600-43ef-8ded-ad323aed0418
-4832963.102,-2618101.5709,932,9023089,SMS CF ROGERIO PINTO DA MOTA - AP 51,51,33 - REALENGO,"RUA MAGALHAES GANDAVO - PRACA DO BOM CONSELHO, 204",REALENGO, ,cfrogeriopinto@gmail.com,7 às 18h,8 às 12h,A,CLINICA DA FAMILIA,2016/09/30 03:00:00+00,,9023089,80f527b6-6f1b-4cd0-b54e-ad6dbe450d4d
-4836261.6848,-2615428.97,933,6901042,SMS CF NILDO EYMAR DE ALMEIDA AGUIAR - AP 51,51,33 - REALENGO,"ESTRADA GENERAL AMERICANO FREIRE, S/N",REALENGO,3464-9344,cfnildoaguiar@gmail.com,7 às 18h,8 às 12h,A,CLINICA DA FAMILIA,2011/12/07 02:00:00+00,,6901042,92648220-2b90-4afb-9b2a-adc65f9552bb
-4840995.0287,-2617802.0855,934,7810172,SMS CF SANDRA REGINA SAMPAIO DE SOUZA - AP 51,51,17 - BANGU,"AVENIDA SANTA CRUZ, S/N",SENADOR CAMARA,3839-9160,cfsandraregina@gmail.com,7 às 18h,8 às 12h,A,CLINICA DA FAMILIA,2015/11/29 02:00:00+00,,7810172,fe361867-79ae-4594-90fc-ae6aaa1a2505
-4815092.362,-2617975.5411,935,6808077,SMS CF ANTHIDIO DIAS DA SILVEIRA - AP 32,32,28 - JACAREZINHO,"AVENIDA DOM HELDER CAMARA, S/N",JACAREZINHO,(21) 2218-1462,csfanthidio@gmail.com,7 às 18h,8 às 12h,A,CLINICA DA FAMILIA,2011/06/29 03:00:00+00,,6808077,f1af588e-ad0a-47b1-825d-af6583e23fc2
-4833557.3931,-2621822.5166,936,5465885,SMS CMS SANTA MARIA - AP 40,40,16 - JACAREPAGUA,"ESTRADA DO RIO PEQUENO, S/N",JACAREPAGUA,(21) 33472047,ger.santamaria.cap40@iabas.org.br,7 às 17h,-,B,CMS,2009/03/02 03:00:00+00,,5465885,0663abc1-03ba-450b-b89b-afa264cd75a2
-4850913.4892,-2625551.4083,937,5620287,SMS CF AGENOR DE MIRANDA ARAUJO NETO - AP 52,52,18 - CAMPO GRANDE,"ESTRADA DO MATO ALTO, S/N",CAMPO GRANDE,(21)33774978,ger.agenordemiranda.cap52@iabas.org.br,7 às 18h,8 às 12h,A,CLINICA DA FAMILIA,2011/12/02 02:00:00+00,,5620287,bfb15911-bc19-4b1c-8646-b00450f33e52
-4809044.3416,-2620001.87,938,2291274,SMS CMS JOSE MESSIAS DO CARMO - AP 10,10,1 - PORTUARIA,"RUA WALDEMAR DUTRA, 55",SANTO CRISTO,21 22331690,cmsjmcarmo@rio.rj.gov.br,7 às 18h,8 às 12h,C,CMS,2005/06/10 03:00:00+00,,2291274,4c367c52-e925-4951-b41d-b0dfc0b22d6b
-4859964.0257,-2621323.3234,939,2708183,SMS CMS DECIO AMARAL FILHO - AP 53,53,19 - SANTA CRUZ,"RUA CILON CUNHA BRUM, S/N",SANTA CRUZ,(21)31581434,cmsdaf.cap53@gmail.com,7 às 18h,7 às 12h,C,CMS,1988/08/05 03:00:00+00,,2708183,0e2efa90-4cc4-4768-8567-b102e11e24c6
-4815792.6533,-2621813.5416,940,3785025,SMS CF RECANTO DO TROVADOR - AP 22,22,9 - VILA ISABEL,"RUA VISCONDE DE SANTA ISABEL, 272",VILA ISABEL,2577-7097,gerencia.cfrecantodotrovador@gmail.com,7 às 17h,-,A,CLINICA DA FAMILIA,2014/12/24 02:00:00+00,,3785025,e9daf036-0d2c-417e-88c0-b34fc50699b5
-4813380.4366,-2615747.3207,941,5476607,SMS CF ADIB JATENE - AP 31,31,30 - COMPLEXO DA MARE,"AVENIDA BENTO RIBEIRO DANTAS, S/N",MARE,(21)97999-3624,fernandabarcellos@vivario.org.br,7 às 18h,8 às 12h,A,CLINICA DA FAMILIA,2016/01/19 02:00:00+00,,5476607,f0abb592-94c9-44a4-825b-b422e49f574f
-4833397.6899,-2619144.5949,942,6855709,SMS CF PADRE JOHN CRIBBIN (PADRE JOAO) - AP 51,51,33 - REALENGO,"ESTRADA MANOEL NOGUEIRA DE SA, S/N",REALENGO,3555-4877,cfpadrejc@gmail.com,7 às 18h,8 às 12h,A,CLINICA DA FAMILIA,2011/11/11 02:00:00+00,,6855709,b8026047-8b11-43d1-a399-b55648e79304
-4814836.4877,-2630732.6747,943,6503772,SMS CF MARIA DO SOCORRO / ROCINHA - AP 21,21,27 - ROCINHA,"ESTRADA DA GAVEA, 522",ROCINHA,33226694,cfmariadosocorro@vivario.org.br,8 às 18h,-,A,CLINICA DA FAMILIA,2010/03/08 03:00:00+00,,6503772,ef4c61e5-f8cc-444c-82c6-b58083c5916e
-4816774.1901,-2631453.6706,944,3796310,SMS CMS VILA CANOAS - AP 21,21,6 - LAGOA,"ESTRADA DAS CANOAS, 610",SAO CONRADO,(21) 3322-6302,sfcanoas@vivario.org.br,8 às 17h,-,B,CMS,2002/08/26 03:00:00+00,,3796310,fcf7a006-f74c-4361-a493-b5e0cf55ed08
-4834113.3638,-2615835.9008,945,3416321,SMS CF ANTONIO GONCALVES DA SILVA - AP 51,51,33 - REALENGO,"ESTRADA DO ENGENHO NOVO, S/N",REALENGO,(21)3467-9893,cfantoniogoncalves@gmail.com,7 às 18h,8 às 12h,A,CLINICA DA FAMILIA,2012/01/18 02:00:00+00,,3416321,f6172643-8147-45fe-9ad6-b6902a053d76
-4805800.8501,-2627141.5629,946,6632831,SMS CMS CHAPEU MANG BABILONIA - AP 21,21,5 - COPACABANA,"RUA SAO FRANCISCO, 5",LEME,(21) 3209-2779,sfchapeubabilonia@vivario.org.br,8 às 17h,-,B,CMS,2010/12/28 02:00:00+00,,6632831,a8378ca3-495e-42f3-8c8b-b75974eca113
-4824047.1628,-2616333.6973,947,2270390,SMS HOSPITAL MATERNIDADE HERCULANO PINHEIRO - AP 33,33,15 - MADUREIRA,"AV MIN EDGARD ROMERO, 276",MADUREIRA,(21)2088-6124,hmhpinheiro@rio.rj.gov.br,24h,24h,-,HOSPITAL,1965/05/24 03:00:00+00,,2270390,6892fc9d-a300-4af5-815d-b8bd7a68e7e6
-4857428.761,-2623225.78,948,6938124,SMS UPA 24 H PACIENCIA - AP 53,53,19 - SANTA CRUZ,"ESTRADA SANTA EUGENIA, S/N",PACIENCIA, ,fabiana.costarj@spdm-pais.org.br,24h,24h,-,UPA,2012/01/20 02:00:00+00,,6938124,552fed4d-5e29-4348-b8c9-b9830cec2796
-4863658.1587,-2623161.6966,949,7072406,SMS CENTRO DE CONTROLE DE ZOONOSES - AP53,53,19 - SANTA CRUZ,"LARGO DO BODEGAO, 150",SANTA CRUZ,(21) 3395-4784, ,8 às 17h,-,-,CENTRO DE REFERENCIA,2012/08/01 03:00:00+00,,7072406,8f30826d-401e-416d-9486-ba2a5af6bd1a
-4854443.3218,-2626883.9443,950,6635709,SMS CF JOSE DE PAULA LOPES PONTES - AP 52,52,26 - GUARATIBA,"RUA JABURU, S/N",GUARATIBA,(21)23948008,ger.jplp.cap52@iabas.org.br,7 às 18h,8 às 12h,A,CLINICA DA FAMILIA,2010/09/19 03:00:00+00,,6635709,e98b2a60-1732-4ba0-8e0d-bad39f4ab8cb
-4814437.4946,-2624322.635,951,5358612,SMS CMS CASA BRANCA - AP 22,22,8 - TIJUCA,"ESTRADA DA CASA BRANCA, 200",TIJUCA,22983365,gerencia.casabranca@gmail.com,7 às 17h,-,B,CMS,2002/06/27 03:00:00+00,,5358612,4b900c57-21e3-44e2-8c14-bbf8a5546c46
-4834602.4711,-2617352.7357,952,3820599,SMS CF ARMANDO PALHARES AGUINAGA - AP 51,51,33 - REALENGO,"AV SANTA CRUZ, S/N",REALENGO,21 2401-7787,cfarmandopalhares@gmail.com,7 às 18h,8 às 12h,A,CLINICA DA FAMILIA,2013/08/13 03:00:00+00,,3820599,2145b711-535b-48d5-9d37-bc7e9e54a40d
-4823461.4488,-2616867.4057,953,9072640,SMS CF MESTRE MOLEQUINHO DO IMPERIO - AP 33,33,15 - MADUREIRA,"RUA IGUACU, S/N",ENGENHEIRO LEAL,24529224,cfmestremolequinho@vivario.org.br,7 às 18h,8 às 12h,A,CLINICA DA FAMILIA,2016/12/28 02:00:00+00,,9072640,5cb36215-c809-4a11-b70a-bc9a71b1442c
-4806318.7106,-2626325.9601,954,7052006,SMS CAPSI MAURICIO DE SOUSA - AP 21,21,4 - BOTAFOGO,"AVENIDA VENCESLAU BRAS, 65",BOTAFOGO,22950097,capsimauriciodesousa@gmail.com,8 às 17h,-,-,CAPS,2012/08/08 03:00:00+00,,7052006,18dca475-f386-4cd6-8b50-bcf3582bda7d
-4807810.5765,-2608948.6715,955,7856954,SMS CMS NEWTON ALVES CARDOZO - AP 31,31,20 - ILHA DO GOVERNADOR,"RUA DR ANTONIO MONTEIRO ANTIGA RUA COMBU, 191",JARDIM CARIOCA,(21)39752922,cmsnewtonalvescardozo@vivario.org.br,7 às 18h,8 às 12h,B,CMS,2016/02/16 02:00:00+00,,7856954,3129146b-01a4-4199-8e3d-bcf3daa18607
-4842097.3268,-2617227.255,956,2270552,SMS CMS SILVIO BARBOSA - AP 51,51,17 - BANGU,"RUA RODRIGUES DE FREITAS, S/N",SENADOR CAMARA,3331-2596,psfsilviobarboza8@gmail.com,7 às 18h,-,B,CMS,2007/08/14 03:00:00+00,,2270552,f6cbeb59-70b9-4273-b78d-bd6b15350af9
-4863225.2204,-2624612.9468,957,6581994,SMS CF JOSE ANTONIO CIRAUDO - AP 53,53,19 - SANTA CRUZ,"AVENIDA AREIA BRANCA, 1428",SANTA CRUZ,21)23942766/32927862,cfjac.cap53@gmail.com,7 às 18h,7 às 12h,A,CLINICA DA FAMILIA,2010/08/08 03:00:00+00,,6581994,27a767ff-c9c8-4f57-86ff-bd7a6893da76
-4813368.5956,-2631418.7319,958,2280205,SMS CMS RODOLPHO PERISSE / VIDIGAL - AP 21,21,6 - LAGOA,"AV. PRESIDENTE JOAO GOULART, 735",VIDIGAL,21-38744002,sfvidigal@vivario.or.br,8 às 17h,-,B,CMS,1985/09/02 03:00:00+00,,2280205,36be4667-b0ff-403e-8aa6-bd7aa65050d7
-4817370.1207,-2617246.1737,959,6919626,SMS CF SERGIO NICOLAU AMIN - AP 32,32,12 - INHAUMA,"PRACA DA CONFEDERACAO SUICA, S/N",DEL CASTILHO,(21) 3277-4010,sergionicolauamin@gmail.com,7 às 18h,8 às 12h,A,CLINICA DA FAMILIA,2011/12/20 02:00:00+00,,6919626,bbdab0c1-4f11-4b9d-9bdc-bdbbe924e206
-4824299.695,-2617198.3665,960,7113137,SMS CAPSI HEITOR VILLA LOBOS - AP 33,33,15 - MADUREIRA,"RUA PADRE MANSO, S/N",MADUREIRA,30182201,raquelpadova@gmail.com,8 às 18h,-,-,CAPS,2012/07/07 03:00:00+00,,7113137,08f6bf73-f07c-494f-88c0-bec95ee3a6ad
-4846937.9038,-2632914.2649,961,2270293,SMS CMS RAUL BARROSO - AP 52,52,26 - GUARATIBA,"AV ROBERTO BURLE MAX, S/N",GUARATIBA,(21)34273148,ger.ilhadeguaratiba.cap52@iabas.org.br,7 às 18h,8 às 12h,B,CMS,1981/07/31 03:00:00+00,,2270293,ca0f739d-c4a5-4a65-91f6-c3d1b1da4931
-4813520.9353,-2619936.9695,962,2270242,SMS HOSPITAL MUNICIPAL BARATA RIBEIRO AP. 1.0,10,7 - SAO CRISTOVAO,"RUA VISCONDE DE NITEROI, 1450",MANGUEIRA,2122841812,hmbribeiro@rio.rj.gov.br,24h,24h,-,HOSPITAL,1948/03/11 03:00:00+00,,2270242,7d581638-54c5-4efb-956e-c3fa472b3393
-4839587.2484,-2615605.8282,963,5546591,SMS CF MARIA JOSE DE SOUSA BARBOSA - AP 51,51,17 - BANGU,"ESTRADA DO TAQUARAL, 100",BANGU,3462-7686,cfmariajosedesousabarbosa@gmail.com,7 às 18h,8 às 12h,A,CLINICA DA FAMILIA,2015/05/09 03:00:00+00,,5546591,01b83976-e0e1-4a4c-9a9c-c42e2411a5ba
-4822528.9283,-2630831.3947,964,265233,SMS CF PADRE MARCOS VINICIO MIRANDA VIEIRA - AP 40,40,24 - BARRA DA TIJUCA,ESTRADA DO ITANHANGA S/N ITANHANGA,ITANHANGA, , ,7 às 17h,-,A,CF,2011/05/01 03:00:00+00,,265233,909d428d-3494-4f65-af1b-c461ce0d0f11
-4825542.0848,-2612248.886,965,9078983,SMS CF CYPRIANO DAS CHAGAS MEDEIROS - AP 33,33,25 - PAVUNA,"RUA JUMIRIM, 87",COELHO NETO,34504311,cfcyprianocm@hotmail.com,7 às 18h,8 às 12h,A,CLINICA DA FAMILIA,2016/09/28 03:00:00+00,,9078983,da1b6ac0-1389-49c7-bc6a-c536c374ddef
-4809213.7811,-2621043.0394,966,6023983,SMS CSE SAO FRANCISCO DE ASSIS - AP 10,10,3 - RIO COMPRIDO,"RUA AFONSO CAVALCANTI, 20",CIDADE NOVA,(21) 3938-4449,psf@hesfa.ufrj.br,7 às 17h,-,B,CMS,2011/03/14 03:00:00+00,,6023983,343fbdb7-bb00-41b5-969e-c58744da4378
-4819111.8257,-2621261.3351,967,2280248,SMS MATERNIDADE CARMELA DUTRA AP 32,32,13 - MEIER,"RUA AQUIDABA, 1037",LINS DE VASCONCELOS,(21) 31116766,hmatcdutra@rio.rj.gov.br,24h,24h,-,HOSPITAL,1949/11/15 02:00:00+00,,2280248,e7bb3c44-8dcd-41ae-8958-c5ad2b3de67d
-4825639.7362,-2614155.8609,968,2269732,SMS CMS CARMELA DUTRA - AP 33,33,15 - MADUREIRA,"AV. DOS ITALIANOS, 480",ROCHA MIRANDA,21 30152879,pcdutra@rio.rj.gov.br,7 às 18h,8 às 12h,C,CMS,2001/11/30 02:00:00+00,,2269732,4d28eec5-e42a-4f2d-8293-c62348bad205
-4825121.3349,-2615900.2931,969,7656106,SMS CAPS AD III PAULO DA PORTELA - AP 33,33,15 - MADUREIRA,"RUA PIRAPORA, 69",TURIACU,24522130,kesiakre@hotmail.com,24h,24h,-,CAPS,2015/07/02 03:00:00+00,,7656106,3d4b0829-fa9f-432c-82ae-c67df0db6557
-4821171.3411,-2610686.5453,970,7985657,SMS CF EIDIMIR THIAGO DE SOUZA - AP 31,31,31 - VIGARIO GERAL,"RUA CORDOVIL, 1242",CORDOVIL,21 3352-3666,cfeidimirthiagosouza@vivario.org.br,7 às 18h,8 às 12h,A,CLINICA DA FAMILIA,2016/06/10 03:00:00+00,,7985657,6e6cb667-1f47-4d48-bec1-c7cbccea2149
-4829933.4658,-2624363.9568,971,7080522,SMS CAPS AD III ANTONIO CARLOS MUSSUM - AP 40,40,16 - JACAREPAGUA,"AVENIDA SAMPAIO CORREA, 0",TAQUARA,975581190 - 34128356,capsad_acm@hotmail.com,24h,24h,-,CAPS,2012/08/11 03:00:00+00,,7080522,f408d769-29a8-4dff-af25-c868395764d4
-4859177.7288,-2622401.8538,972,2806320,SMS CMS SAVIO ANTUNES / ANTARES - AP 53,53,19 - SANTA CRUZ,"AVENIDA HERMINIA AURELIO SAMPAIO, 105",PACIENCIA,(21)33173185,cmssa.cap53@gmail.com,7 às 18h,7 às 12h,B,CMS,1985/11/01 03:00:00+00,,2806320,6f9fdd56-f8aa-489c-9850-c87871a3f89f
-4826989.0037,-2613692.0274,973,6974708,SMS CF MAESTRO CELESTINO - AP 33,33,15 - MADUREIRA,"RUA LOURENCO MARQUES, 70",MARECHAL HERMES,21 30174920,maestrocelestinopalmeirinha@gmail.com,7 às 18h,-,A,CLINICA DA FAMILIA,2012/05/05 03:00:00+00,,6974708,4a9c2088-f418-4486-9eff-caa40d48dc1a
-4856758.5884,-2622120.626,974,6618863,SMS CF HELANDE DE MELLO GONCALVES - AP 53,53,19 - SANTA CRUZ,"ESTRADA DE PACIENCIA, S/N",PACIENCIA,(21)33953020,cfhmg.cap53@gmail.com,7 às 18h,7 às 12h,A,CLINICA DA FAMILIA,2010/08/22 03:00:00+00,,6618863,03c3cb3b-a126-4c59-8fcb-cb42d02c4de2
-4860671.3865,-2621032.7801,975,6559735,SMS CF LENICE MARIA MONTEIRO COELHO - AP 53,53,19 - SANTA CRUZ,"RUA JOSE CARLOS MATTA MACHADO, S/N",SANTA CRUZ,(21)34840882,cflmmc.cap53@gmail.com,7 às 18h,7 às 12h,A,CLINICA DA FAMILIA,2010/06/13 03:00:00+00,,6559735,f87c11d7-7387-4a0e-a880-cbcde131890d
-4816622.9063,-2615665.7051,976,6527027,SMS CAPS JOAO FERREIRA SILVA FILHO - AP 31,31,29 - COMPLEXO DO ALEMAO,"ESTRADA DO ITARARE, 951",COMPLEXO DO ALEMAO,2270-8688,capsjoaoferreira@vivario.org.br,24h,24h,-,CAPS,2010/06/02 03:00:00+00,,6527027,a1eb17d3-56cd-4429-884f-cbf44cda4fe2
-4817652.0141,-2627916.6129,977,2280280,SMS CMS NICOLA ALBANO - AP 22,22,8 - TIJUCA,"RUA BOA VISTA, 190",ALTO DA BOA VISTA,24848312,gerencia.altodaboavista@gmail.com,7 às 17h,-,B,CMS,1960/01/31 02:00:00+00,,2280280,85ee38bc-6717-4f8c-aca2-cc7c7c404a74
-4853710.135,-2622803.3138,978,2270323,SMS CMS ADAO PEREIRA NUNES - AP 52,52,18 - CAMPO GRANDE,"RUA FLORESTAL, S/N",INHOAIBA,(21)24096691,ger.vilarcarioca.cap52@iabas.org.br,7 às 18h,8 às 12h,B,CMS,2005/10/05 03:00:00+00,,2270323,d306a063-1730-4c79-8e42-ccd363e867da
-4823131.619,-2614031.8995,979,2269295,SMS CMS CLEMENTINO FRAGA - AP 33,33,14 - IRAJA,"RUA CAICARA, 514",IRAJA,21 2482-7115,direcaocmscf@gmail.com,7 às 18h,8 às 12h,C,CMS,1977/03/29 03:00:00+00,,2269295,732877d0-edbd-4a99-8530-cd119d098eb3
-4809137.9929,-2621680.2522,980,9080163,SMS CF MEDALHISTA OLIMPICO RICARDO LUCARELLI SOUZA AP 10,10,3 - RIO COMPRIDO,"RUA FREI CANECA, S/N",ESTACIO,(21) 3852- 5187,cfmrlucarelli@gmail.com,7 às 18h,8 às 12h,A,CLINICA DA FAMILIA,2016/11/06 02:00:00+00,,9080163,69b7790d-ace4-4b23-a33f-cd2715e04b63
-4838548.1007,-2618513.3871,981,193089,SMS CF CRISTIANI VIEIRA PINHO AP - 51,51,17 - BANGU,PRACA LEALDINA MUNIZ,BANGU,3463-0644,admkellycristina@gmail.com, , ,A,CLINICA DA FAMILIA,2011/09/08 03:00:00+00,,193089,16ae1ff1-9c9a-4f9c-af76-cd352c6c96f3
-4825155.9739,-2627608.6918,982,7892810,SMS CF BARBARA MOSLEY DE SOUZA- AP 40,40,16 - JACAREPAGUA,"AVENIDA OTAVIO MALTA, S/N",ANIL, ,ger.cfbms.cap40@iabas.org.br,7 às 18h,8 às 12h,A,CLINICA DA FAMILIA,2016/03/30 03:00:00+00,,7892810,f7821edc-56ca-4990-be5b-cdc19115d3a3
-4839229.4596,-2613609.7666,983,5546583,SMS CMS CATIRI - AP 51,51,17 - BANGU,"RUA TRES MARIAS, S/N",BANGU,2403-3686,smsusf.catiri@gmail.com,7 às 18h,-,B,CMS,2007/09/07 03:00:00+00,,5546583,d76b5aee-c389-4c46-a7fb-cfd4cfe19a43
-4837623.4877,-2616054.0464,984,6023916,SMS CF FIORELLO RAYMUNDO - AP 51,51,17 - BANGU,"RUA ACAFRAO, S/N",BANGU,3468-8516,cffiorelloraymundo@gmail.com,7 às 18h,8 às 12h,A,CLINICA DA FAMILIA,2011/02/28 03:00:00+00,,6023916,5fe3ef46-1a90-4991-9749-cfe29cfcefa3
-4813789.6806,-2620091.5851,985,6023975,SMS CF DONA ZICA - AP 10,10,13 - MEIER,"RUA JOAO RODRIGUES, 43",SAO FRANCISCO XAVIER,2218-3351,cfdzica@gmail.com,7 às 17h,8 às 12h,A,CLINICA DA FAMILIA,2010/02/05 02:00:00+00,,6023975,9da6d37c-517b-4093-b9cb-d034ae700fd5
-4806517.6145,-2610387.0326,986,2280779,SMS CMS NECKER PINTO - AP 31,31,20 - ILHA DO GOVERNADOR,"ESTRADA RIO JEQUIA, 428",CACUIA,(21)33675199,cmsnpinto@rio.rj.gov.br,7 às 17h,8 às 12h,C,CMS,1975/05/26 03:00:00+00,,2280779,05aec3e6-7d85-41e0-b7df-d0916c4e0f80
-4844057.7461,-2616766.7634,987,7036884,SMS CF SONIA MARIA FERREIRA MACHADO - AP 52,52,18 - CAMPO GRANDE,"ESTRADA DA POSSE, S/N",SANTISSIMO,(21)2403-1583,ger.smfm.cap52@gmail.com,7 às 18h,8 às 12h,A,CLINICA DA FAMILIA,2012/07/05 03:00:00+00,,7036884,e2d0cdcf-b3a5-43ad-a1eb-d2a2928f9918
-4834782.059,-2618429.0442,988,9311661,SMS CF ROMULO CARLOS TEIXEIRA - AP 51,51,33 - REALENGO,"PRACA MAROBA, S/N",REALENGO, ,cfromulocarlos@gmail.com,7 às 18h,8 às 12h,A,CLINICA DA FAMILIA,2017/09/11 03:00:00+00,,9311661,876035a7-e752-42be-a415-d47478115659
-4832130.4647,-2611952.0378,989,6761704,SMS CF MARIA DE AZEVEDO RODRIGUES PEREIRA - AP 33,33,22 - ANCHIETA,"PRACA PROFESSORA SANTINHA, S/N",PARQUE ANCHIETA,21 30196181,cf.santinha@gmail.com,7 às 18h,8 às 12h,A,CLINICA DA FAMILIA,2011/06/30 03:00:00+00,,6761704,765f59e9-369c-43e3-bcf6-d57570be5a09
-4822945.8393,-2618870.0136,990,7119798,SMS CF CARLOS NERY DA COSTA FILHO - AP 33,33,15 - MADUREIRA,"RUA CLARIMUNDO DE MELO, 847",QUINTINO BOCAIUVA,21 22691911,cfcarlosnery@gmail.com,7 às 18h,8 às 12h,A,CLINICA DA FAMILIA,2013/02/03 02:00:00+00,,7119798,8c6a8bc1-3e50-4552-8ac3-d5e0b630904c
-4826815.4563,-2625643.7592,991,6575900,SMS UPA 24H CIDADE DE DEUS - AP 40,40,34 - CIDADE DE DEUS,"RUA EDGAR WERNECK, S/N",CIDADES DE DEUS,21 22323173,upa24hcidadededeus.riosaude@gmail.com,24h,24h,-,UPA,2010/08/06 03:00:00+00,,6575900,a6523247-c56f-437f-ac83-d73eb0e74c3b
-4826434.0463,-2611051.8811,992,5315026,SMS CMS FAZENDA BOTAFOGO - AP 33,33,25 - PAVUNA,"RUA ARNALDO GUINLE, S/N",COELHO NETO,21 34520835,psffazendabotafogo@yahoo.com.br,7 às 18h,-,B,CMS,2005/04/01 03:00:00+00,,5315026,d50eee88-abed-445b-b067-d75b5ffb0be9
-4854546.6779,-2618918.6599,993,6029841,SMS CF ROGERIO ROCCO - AP 52,52,18 - CAMPO GRANDE,"ESTRADA DO ENCANAMENTO, S/N",COSMOS,(21)2411-4141,ger.rogeriorocco.cap52@iabas.org.br,7 às 18h,8 às 12h,A,CLINICA DA FAMILIA,2011/02/04 02:00:00+00,,6029841,8f3078f5-bc48-46c1-9d05-d862e3592f7f
-4810215.3104,-2608384.0435,994,7107366,SMS COORD DE EMERGENCIA REGIONAL CER ILHA DO GOV - AP 31,31,20 - ILHA DO GOVERNADOR,"ESTRADA DO GALEAO, 2920",PORTUGUESA,21 38122400,kamila.conde@cejam.org.br,24h,24h,-,CER,2013/02/07 02:00:00+00,,7107366,6ea2f841-a088-4ecd-a808-d89f490a7a09
-4854731.2296,-2621236.8449,995,5670357,SMS CMS VILA DO CEU - AP 52,52,18 - CAMPO GRANDE,"RUA GUARUJA, 69",COSMOS,(21)33840351,ger.viladoceu.cap52@iabas.org.br,7 às 18h,8 às 12h,B,CMS,2007/12/12 02:00:00+00,,5670357,af4cc8f0-737c-45de-bd2d-da307e912a96
-4826129.5907,-2608492.4453,996,2296586,SMS CMS NASCIMENTO GURGEL - AP 33,33,25 - PAVUNA,"RUA MERCURIO, S/N",PAVUNA,21 24070430,psngurgel@rio.rj.gov.br,7 às 18h,8 às 12h,B,CMS,2002/10/21 03:00:00+00,,2296586,a627b2d0-e2b6-468f-87b6-da7182ecbdba
-4807974.6745,-2621488.5654,997,2277328,SMS CMS OSWALDO CRUZ - AP 10,10,23 - SANTA TERESA,"AV HENRIQUE VALADARES, 151",CENTRO,(21) 22212621,cmsoc@rio.rj.gov.br,8 às 17h,-,C,CMS,2005/06/29 03:00:00+00,,2277328,daaf68b2-d107-41f1-a8a1-dcdd7c3ed847
-4858325.7998,-2618056.0964,998,2273543,SMS CMS FLORIPES GALDINO PEREIRA - AP 53,53,19 - SANTA CRUZ,"RUA SRG GERALDO BERTI, 0",SANTA CRUZ,(21)34277056,cmsfgp.cap53@gmail.com,7 às 18h,7 às 12h,B,CMS,1986/06/07 03:00:00+00,,2273543,7210372a-6318-43dc-83d7-dd37cf2c2796
-4846591.1553,-2614955.7116,999,7894554,SMS CF ISABELA SEVERO DA SILVA - AP 52,52,18 - CAMPO GRANDE,"RUA VOTORANTIM, 664",CAMPO GRANDE,(21)35238534,ger.cfiss.cap52@iabas.org.br,7 às 18h,8 às 12h,A,CLINICA DA FAMILIA,2016/01/21 02:00:00+00,,7894554,226995a3-cc70-4732-b8d8-de8f9e6716a2
-4814927.9384,-2621904.6112,1000,2280272,SMS CMS MARIA AUGUSTA ESTRELLA - AP 22,22,9 - VILA ISABEL,"RUA VISCONDE DE SANTA ISABEL, 56",VILA ISABEL,31116100,cmsmaestrella@rio.rj.gov.br,7 às 17h,8 às 12h,B,CMS,1968/12/13 02:00:00+00,,2280272,ffc6f339-d041-4e5a-8662-defb50b2b660
-4820543.4592,-2609732.6151,1001,6932916,SMS CF JOAOSINHO TRINTA - AP 31,31,31 - VIGARIO GERAL,"RUA ANAMA - PRACA JOSE DA MATTA, S/N",VIGARIO GERAL,(21)3448-5440,cfjoaosinhotrinta@vivario.org.br,7 às 18h,8 às 12h,A,CLINICA DA FAMILIA,2012/03/21 03:00:00+00,,6932916,2fb50280-97be-4364-b869-df2d709e6e6d
-4831183.2198,-2618316.4028,1002,2708418,SMS CAPSI PEQUENO HANS - AP 51,51,33 - REALENGO,"AVENIDA CARLOS PONTES, S/N",JARDIM SULACAP,3335-0594,capsipequenohans51@gmail.com,8 às 17h,-,-,CAPS,1998/09/28 03:00:00+00,,2708418,d4fcae41-f4da-44ad-90d4-dfb39030bc0f
-4849336.9063,-2620915.6803,1003,9160876,SMS COORDENACAO DE EMERGENCIA REGIONAL CER CAMPO GRANDE,52,18 - CAMPO GRANDE,"AVENIDA CESARIO DE MELO, 3215",CAMPO GRANDE,2333-6797, ,24h,24h,-,CER,2017/02/22 03:00:00+00,,9160876,dfd3c98b-5060-4798-9b18-e1012e7ab8a2
-4855586.7629,-2618099.6148,1004,7908237,SMS CF LECY RANQUINE- AP 52,52,19 - SANTA CRUZ,"ESTRADA DO CAMPINHO, S/N",INHOAIBA,(21)35238483,ger.cflr.cap52@iabas.org.br,7 às 18h,8 às 12h,A,CLINICA DA FAMILIA,2016/06/26 03:00:00+00,,7908237,57758a29-3ef2-4667-979e-e2c34a81fc68
-4808042.3355,-2621009.1619,1005,7027397,SMS MATERNIDADE MARIA AMELIA BUARQUE DE HOLLANDA - AP 10,10,2 - CENTRO,"RUA MONCORVO FILHO, 67",CENTRO,2122523416,hmmabh.faturamento@gmail.com,24h,24h,-,HOSPITAL,2012/05/13 03:00:00+00,,7027397,da2acf6f-af9b-45bd-a0af-e35d6d7d1e16
-4863100.7333,-2626692.1217,1006,6026737,SMS CMS ADELINO SIMOES - NOVA SEPETIBA - AP 53,53,19 - SANTA CRUZ,"AVENIDA SETE, S/N",SEPETIBA,(21)32926680,cmsns.cap53@gmail.com,7 às 18h,7 às 12h,B,CMS,2009/07/15 03:00:00+00,,6026737,a6173f4d-2431-4796-8e7c-e37d0ffe39e0
-4828866.7351,-2613539.6931,1007,2273179,SMS CMS AUGUSTO DO AMARAL PEIXOTO - AP 33,33,22 - ANCHIETA,"RUA JORNALISTA HERMANO REQUIAO, 447",GUADALUPE,21 30151867,paap@rio.rj.gov.br,7 às 18h,-,C,CMS,1971/03/08 03:00:00+00,,2273179,78eaec3a-9d1f-428c-9bdd-e3bafa5f1798
-4823333.9676,-2611525.9079,1008,5879655,SMS CMS ALICE TOLEDO TIBIRICA - AP 33,33,14 - IRAJA,"RUA JURITI, S/N",IRAJA,21 24712397,cmsalicetoledotibirica@gmail.com,7 às 18h,8 às 12h,B,CMS,2010/10/07 03:00:00+00,,5879655,1cde9a25-b300-41dc-abb9-e3dea8139688
-4808570.1448,-2619618.2932,1009,7523246,SMS CF NELIO DE OLIVEIRA - AP 10,10,1 - PORTUARIA,"RUA RIVADAVIA CORREA, 188",GAMBOA,(21) 2263-1796,richiere.pereirarj@spdm-pais.org.br,7 às 17h,-,A,CLINICA DA FAMILIA,2014/07/02 03:00:00+00,,7523246,5a6b55e1-9ac9-4905-9871-e4db07a12334
-4827786.7821,-2610476.6366,1010,6680704,SMS UPA 24H COSTA BARROS - AP 33,33,25 - PAVUNA,"EST. BOTAFOGO, S/N",COSTA BARROS,2508 6998, ,24h,24h,-,UPA,2010/12/16 02:00:00+00,,6680704,d1db83de-131f-4ef3-adb0-e6d192d4f25c
-4860924.1629,-2618044.7605,1011,7896204,SMS CF ALICE DE JESUS REGO - AP53,53,19 - SANTA CRUZ,"ESTRADA DOS PALMARES, S/N",SANTA CRUZ,24184256,cfajr.cap53@gmail.com,7 às 18h,7 às 12h,A,CLINICA DA FAMILIA,2016/01/21 02:00:00+00,,7896204,cfdaae33-a753-4e37-89b0-e70315fb0af7
-4830150.2513,-2624481.7895,1012,5034272,SMS CAPS ARTHUR BISPO DO ROSARIO - AP 40,40,16 - JACAREPAGUA,"ESTRADA RODRIGUES CALDAS, 3400",TAQUARA,3412-5608,capsbrosario@rio.rj.gov.br,24h,24h,-,CAPS,2006/08/28 03:00:00+00,,5034272,f889c49e-36e4-49de-b736-eb15f65091e2
-4811742.3358,-2629321.3043,1013,6716849,SMS COORD DE EMERGENCIA REGIONAL CER LEBLON - AP 21,21,6 - LAGOA,"RUA MARIO RIBEIRO, 1080",LEBLON,2529-9227,cerleblon@smsdc.rio.rj.gov.br,24h,24h,-,CER,2012/07/06 03:00:00+00,,6716849,85d8a049-d4d0-4015-bd3b-eb760b5a6c44
-4818025.6475,-2620128.3842,1014,2708167,SMS CMS CESAR PERNETTA - AP 32,32,13 - MEIER,"RUA ANA BARBOSA, 21",MEIER,21-31116715,esfcesarpernetta@gmail.com,7 às 18h,8 às 12h,B,CMS,1985/04/05 03:00:00+00,,2708167,c09d65aa-114e-4aab-9d7c-ebd3cae109c3
-4815836.5441,-2620337.3779,1015,6762042,SMS CF EDNEY CANAZARO DE OLIVEIRA - AP 32,32,13 - MEIER,"AVENIDA MARECHAL RONDOM C/RUA ANTUNES GARCIA, S/N",SAMPAIO,(21) 3283-6377,edneycanazarodeoliveira@gmail.com,7 às 18h,8 às 12h,A,CLINICA DA FAMILIA,2011/06/02 03:00:00+00,,6762042,02646a77-3f9d-4bbd-93c5-eceb08b6f1c5
-4859343.2355,-2623245.5552,1016,6683851,SMS CF SAMUEL PENHA VALLE - AP 53,53,19 - SANTA CRUZ,"AV. CESARIO DE MELO, 12574",SANTA CRUZ,(21)33130945,cfspv.cap53@gmail.com,7 às 18h,-,A,CLINICA DA FAMILIA,2011/02/01 02:00:00+00,,6683851,b883ee36-eb5d-4322-a7f9-ee8802a35c3c
-4847001.1728,-2614425.3175,1017,2270641,SMS CMS PEDRO NAVA - AP 52,52,18 - CAMPO GRANDE,"RUA DO PERNAMBUCANO, S/N",CAMPO GRANDE,(21)31558419,pspnava@rio.rj.gov.br,7 às 18h,7 às 12h,B,CMS,1987/10/24 03:00:00+00,,2270641,aada49ba-de6e-4b04-98e0-ef388dd4dabe
-4837642.299,-2616371.5099,1018,6922031,SMS CMS MANOEL GUILHERME DA SILVEIRA FILHO - AP 51,51,17 - BANGU,"AV RIBEIRO DANTAS, 571",BANGU,34625386,policlinicamgsf@gmail.com,7 às 17h,8 às 12h,B,CMS,2012/01/06 02:00:00+00,,6922031,f571a35b-37da-4238-939d-f06af5b0bbab
-4852520.3603,-2624973.9837,1019,6677711,SMS CF DALMIR DE ABREU SALGADO - AP 52,52,26 - GUARATIBA,"ESTRADA DO MAGARCA, 1831",GUARATIBA,(21)25091974,gerentecfdas@gmail.com,7 às 18h,8 às 12h,A,CLINICA DA FAMILIA,2010/11/04 02:00:00+00,,6677711,7aa231e8-1660-4399-8062-f0d9bbce7ba9
-4848856.9094,-2617938.972,1020,9061401,SMS CF MEDALHISTA OLIMPICO ARTHUR ZANETTI - AP 52,52,18 - CAMPO GRANDE,"AVENIDA MARECHAL DANTAS BARRETO, S/N",CAMPO GRANDE,(21)35238507,ger.cfmoaz.cap52@iabas.org.br,7 às 18h,8 às 12h,A,CLINICA DA FAMILIA,2016/09/17 03:00:00+00,,9061401,a21a1f7b-b8fa-48e7-b4e7-f11f6e1ab990
-4850152.1696,-2619652.8707,1021,2269554,SMS CMS BELIZARIO PENNA - AP 52,52,18 - CAMPO GRANDE,"RUA FRANKLIN, 29",CAMPO GRANDE,(21)34079209,cmsbpenna@rio.rj.gov.br,7 às 17h,7 às 12h,B,CMS,1969/09/19 03:00:00+00,,2269554,d620812f-63b3-4219-a9e4-f2ffa2556fa8
-4820797.751,-2613866.5278,1022,6869009,SMS CF ANA MARIA CONCEICAO DOS SANTOS CORREIA - AP 33,33,14 - IRAJA,"RUA QUATRO, S/N",VILA KOSMOS,21 33527818,cfanamariaconceicao.ipase@gmail.com,7 às 18h,8 às 12h,A,CLINICA DA FAMILIA,2011/11/26 02:00:00+00,,6869009,59e64657-30a6-43a9-b6a1-f3dca49f856e
-4835940.3107,-2615826.0974,1023,2298120,SMS HOSPITAL MUNICIPAL ALBERT SCHWEITZER - AP 51,51,33 - REALENGO,"RUA NILOPOLIS, 329",REALENGO,21342500, ,0 às 23h,0 às 23h,-,HOSPITAL,2016/01/11 02:00:00+00,,2298120,386c3058-ddf9-4812-b860-f61b03975afb
-4814005.3439,-2613594.8838,1024,9345515,SMS CF DINIZ BATISTA DOS SANTOS - AP 31,31,30 - COMPLEXO DA MARE,"AVENIDA BRIGADEIRO TROMPOWSKY, S/N",MARE,99543-6014,cfdinizbatista@vivario.org.br,7 às 18h,8 às 12h,A,CLINICA DA FAMILIA,2018/02/07 02:00:00+00,,9345515,876bb662-8c05-4094-a56a-f8c8a57f3363
-4826921.8665,-2610877.1353,1025,2269627,SMS CMS SYLVIO FREDERICO BRAUNER - AP 33,33,25 - PAVUNA,"RUA DARWIN BRANDAO, S/N",COSTA BARROS,21 38358689,psfsylviofbrauner@bol.com,7 às 18h,8 às 12h,B,CMS,1982/10/16 03:00:00+00,,2269627,6ceaeb6e-a918-4c86-bc25-f8ebb4196e54
-4841610.9817,-2614492.4512,1026,6487815,SMS UPA 24H VILA KENNEDY - AP 51,51,17 - BANGU,"PRACA DOLOMITAS, S/N",VILA KENNEDY,21 2405 0303, ,24h,24h,-,UPA,2009/12/06 02:00:00+00,,6487815,47a788ff-e536-4b14-ba90-f9d15b8435c5
-4807395.4033,-2606240.8607,1027,2273640,SMS CMS MADRE TERESA DE CALCUTA - AP 31,31,20 - ILHA DO GOVERNADOR,"AV ILHA DAS ENXADAS, 100",BANCARIOS,(21)39754962,cmsmadreteresa@vivario.org.br,7 às 18h,8 às 12h,B,CMS,2000/12/15 02:00:00+00,,2273640,1fea2453-6c26-4a4e-af3b-fb3be682ee9a
-4807315.1786,-2609151.3927,1028,2270056,SMS HOSPITAL MUNICIPAL PAULINO WERNECK - AP 31,31,20 - ILHA DO GOVERNADOR,"ESTRADA DA CACUIA, 745",ILHA DO GOVERNADOR,(21)31117700,hmpwerneck@pcrj.rj.gov.br,24h,24h,-,HOSPITAL,1935/08/06 03:00:00+00,,2270056,fe2dc2d5-5032-47bb-8b7b-fc302cf7e90d
-4809631.0066,-2621248.1239,1029,6695566,SMS PS CASS - AP 10,10,3 - RIO COMPRIDO,"RUA AFONSO CAVALCANTE, 455",CIDADE NOVA,2129763332,anamengo@terra.com.br,8 às 17h,-,C,CMS,2011/02/11 02:00:00+00,,6695566,5c9e97cb-cc51-473e-b26b-fc42a1c51f66
-4863121.7927,-2621609.8186,1030,2708396,SMS CAPS SIMAO BACAMARTE - AP 53,53,19 - SANTA CRUZ,"R SENADOR CAMARA, 224",SANTA CRUZ,(21)33658775,capssb.cap53@gmail.com,7 às 17h,-,-,CAPS,2003/09/02 03:00:00+00,,2708396,339afc76-9c3b-4310-96ad-fd50f5721f64
-4812292.1921,-2629560.9778,1031,2288370,SMS CMS PINDARO DE CARVALHO RODRIGUES - AP 21,21,6 - LAGOA,"AV PADRE LEONEL FRANCA, S/N",GAVEA,(21) 2511-2619,cmspcrodrigues@rio.rj.gov.br,8 às 18h,8 às 12h,B,CMS,1976/11/14 02:00:00+00,,2288370,42f33176-185e-4bc7-8e56-fdb8f8c33966
-4807603.6746,-2628033.1147,1032,2280795,SMS CMS JOAO BARROS BARRETO - AP 21,21,5 - COPACABANA,"RUA TENREIRO ARANHA, S/N",COPACABANA,(21) 3208-5295,cmsjoaobarrosbarreto@vivario.org.br,8 às 18h,8 às 12h,B,CMS,1960/01/01 02:00:00+00,,2280795,2b4e518b-b558-4f19-8b2e-fde0167e2b66
-4808603.4989,-2629784.6257,1033,6496989,SMS CF CANTAGALO PAVAO - PAVAOZINHO - AP 21,21,5 - COPACABANA,"LADEIRA SAINT ROMAN, 172",COPACABANA,25234127,sfppc@vivario.org.br,8 às 17h,-,A,CLINICA DA FAMILIA,2009/12/16 02:00:00+00,,6496989,45835e32-db73-468f-99e7-ffaaf5d220d8
-4813810.3378,-2625032.1139,1034,2280787,SMS CMS NILZA ROSA - AP 22,22,8 - TIJUCA,"RUA CASTEL NUOVO, 150",TIJUCA,22789002,gerencia.juliobarbosa@gmail.com,7 às 17h,-,B,CMS,1988/01/15 02:00:00+00,,2280787,43da8f24-9081-4c3c-9164-ffe58fc93a39
-4810804.5985,-2617481.5967,1039,4030990,SMS CF SAO SEBASTIAO - AP 10,10,,RUA MONSENHOR MANOEL GOMES 630,CAJU,,cfsaosebastiao.cap10@gmail.com,7 às 18h,8 às 13h,A,CF,,,4030990,90e46780-4732-4c36-9f65-e657a04fd707
-4819092.8712,-2621173.1102,1040,4178602,SMS CMS AQUIDABA - AP 32,32,13 - MEIER,"RUA AQUIDABA, 1037",LINS DE VASCONCELOS,(21) 25925363,"cfcarmeladutra@gmail.com
",7 às 18h,,-,CMS,2023/05/25 03:00:00+00,,4178602,58fbd7ce-c296-4518-8646-cdd02e44f428
